Inep,Escola,TipoRede,Cidade,Estado,Devices,Offline devices,Offline_pct,Clients,Usage_GB,Uso_por_AP_GB,Clientes_por_AP,Status_Utilizacao,Data_Coleta
26035979,EE PADRE LUIZ CASSIANO,Estadual,Petrolina,PE - Pernambuco,7,0,0.0,50,7.06,1.01,7.14,Baixo uso,2025-11-13 09:03:23
29024641,EE CTEP DO SERTAO DO SAO FRANCISCO,Estadual,Juazeiro,BA - Bahia,26,26,100.0,211,7.87,0.3,8.12,Baixo uso,2025-11-13 09:03:23
16002296,EE BARÃO DO RIO BRANCO,Estadual,Macapa,AP - Amapá,8,0,0.0,147,1.17,0.15,18.38,Baixo uso,2025-11-13 09:03:24
16002881,EE ANTONIO CORDEIRO PONTES,Estadual,Macapa,AP - Amapá,11,11,100.0,233,1.89,0.17,21.18,Baixo uso,2025-11-13 09:03:24
15015270,EEEM DIOCESANA SÃO FRANCISCO,Estadual,Santarem,PA - Pará,9,0,0.0,7,5.75,0.64,0.78,Baixo uso,2025-11-13 09:03:25
15012522,EMEIF FLUMINENSE,Municipal,Santarem,PA - Pará,10,0,0.0,375,6.73,0.67,37.5,Médio uso,2025-11-13 09:03:25
15011615,EEEFM JULIA GONÇALVES PASSARINHO,Estadual,Santarem,PA - Pará,11,0,0.0,177,6.91,0.63,16.09,Baixo uso,2025-11-13 09:03:26
15011577,EEEFM FREI AMBROSIO,Estadual,Santarem,PA - Pará,8,0,0.0,199,1.89,0.24,24.88,Baixo uso,2025-11-13 09:03:26
15011666,EEEFM PEDRO ÁLVARES CABRAL,Estadual,Santarem,PA - Pará,10,0,0.0,258,3.9,0.39,25.8,Baixo uso,2025-11-13 09:03:27
15013758,EMEF ROTARY,Municipal,Santarem,PA - Pará,6,0,0.0,267,4.15,0.69,44.5,Médio uso,2025-11-13 09:03:27
15551890,EEEFM RIO TAPAJÓS,Estadual,Santarem,PA - Pará,12,0,0.0,425,8.51,0.71,35.42,Médio uso,2025-11-13 09:03:28
15011356,EEEFM ALMIRANTE SOARES DUTRA,Estadual,Santarem,PA - Pará,8,0,0.0,67,4.8,0.6,8.38,Baixo uso,2025-11-13 09:03:28
15011402,EEEFM BARÃO DO TAPAJÓS,Estadual,Santarem,PA - Pará,6,0,0.0,475,3.22,0.54,79.17,Médio uso,2025-11-13 09:03:29
15011623,EEEFM MADRE IMACULADA,Estadual,Santarem,PA - Pará,11,0,0.0,179,6.23,0.57,16.27,Baixo uso,2025-11-13 09:03:29
15549020,EMEF FREI CONSTANCIO,Municipal,Almeirim,PA - Pará,4,0,0.0,401,8.06,2.02,100.25,Uso normal,2025-11-13 09:03:30
15016765,EMEF DR. PEDRO BATISTA DE SOUZA,Municipal,Almeirim,PA - Pará,6,0,0.0,249,5.63,0.94,41.5,Médio uso,2025-11-13 09:03:30
15533956,EMEF PROFESSOR RAIMUNDO NONATO,Municipal,Almeirim,PA - Pará,7,0,0.0,29,6.33,0.9,4.14,Baixo uso,2025-11-13 09:03:31
15016749,EMEF PROFa ELEY DURANTE ELLERES,Municipal,Almeirim,PA - Pará,11,11,100.0,238,9.1,0.83,21.64,Baixo uso,2025-11-13 09:03:31
15568601,EMEF PROFESSORA FLAVIA SMITH,Municipal,Almeirim,PA - Pará,4,0,0.0,244,0.98,0.25,61.0,Médio uso,2025-11-13 09:03:32
15017150,EMEF PROFESSORA IERECE DA SILVA SANTOS,Municipal,Almeirim,PA - Pará,9,0,0.0,202,1.54,0.17,22.44,Baixo uso,2025-11-13 09:03:32
15016714,ERCEF NOSSA SENHORA CONCEIÇÃO,Municipal,Almeirim,PA - Pará,6,0,0.0,50,2.53,0.42,8.33,Baixo uso,2025-11-13 09:03:33
15016960,EMEI  ORLANDINA DE NAZARETH PINTO DA ROCHA,Municipal,Almeirim,PA - Pará,4,0,0.0,286,0.35,0.09,71.5,Médio uso,2025-11-13 09:03:33
15549038,EMEF MONTE DOURADO,Municipal,Almeirim,PA - Pará,8,0,0.0,413,9.54,1.19,51.62,Médio uso,2025-11-13 09:03:34
15016730,EMEF MENDONÇA FURTADO,Municipal,Almeirim,PA - Pará,3,0,0.0,77,0.45,0.15,25.67,Baixo uso,2025-11-13 09:03:34
16002466,EE MODELO GUANABARA,Estadual,Macapa,AP - Amapá,7,7,100.0,252,2.53,0.36,36.0,Médio uso,2025-11-13 09:03:35
16002407,EE DR COARACY NUNES,Estadual,Macapa,AP - Amapá,8,8,100.0,386,9.25,1.16,48.25,Médio uso,2025-11-13 09:03:35
16002385,EE DOM ARISTIDES PIROVANO,Estadual,Macapa,AP - Amapá,8,0,0.0,151,0.55,0.07,18.88,Baixo uso,2025-11-13 09:03:36
16002717,EE LAURO CHAVES,Estadual,Macapa,AP - Amapá,9,9,100.0,21,2.99,0.33,2.33,Baixo uso,2025-11-13 09:03:36
16002814,EE SEBASTIANA LENIR DE ALMEIDA,Estadual,Macapa,AP - Amapá,9,0,0.0,438,4.53,0.5,48.67,Médio uso,2025-11-13 09:03:37
16002440,EE GONÇALVES DIAS,Estadual,Macapa,AP - Amapá,10,10,100.0,183,8.32,0.83,18.3,Baixo uso,2025-11-13 09:03:37
16002326,EE CECILIA PINTO,Estadual,Macapa,AP - Amapá,11,0,0.0,426,2.24,0.2,38.73,Médio uso,2025-11-13 09:03:38
16002067,EE GABRIEL ALMEIDA CAFE,Estadual,Macapa,AP - Amapá,14,0,0.0,484,5.42,0.39,34.57,Médio uso,2025-11-13 09:03:38
15005151,EEEF FULGENCIO SIMOES,Estadual,Alenquer,PA - Pará,9,9,100.0,96,2.23,0.25,10.67,Baixo uso,2025-11-13 09:03:39
15006107,EMEF NOR MICHEL GANTUSS,Municipal,Alenquer,PA - Pará,9,0,0.0,152,3.69,0.41,16.89,Baixo uso,2025-11-13 09:03:39
15005739,EM LUZIA MICHEL,Municipal,Alenquer,PA - Pará,7,7,100.0,85,5.07,0.72,12.14,Baixo uso,2025-11-13 09:03:40
15005143,EEEF DR JOSE JORGE HAGE,Estadual,Alenquer,PA - Pará,8,8,100.0,249,4.12,0.51,31.12,Médio uso,2025-11-13 09:03:40
15005160,EEEF PROFA MARIA VALMONT,Estadual,Alenquer,PA - Pará,4,0,0.0,475,9.14,2.28,118.75,Uso normal,2025-11-13 09:03:41
15535070,EMEIF JESUS CONOSCO,Municipal,Alenquer,PA - Pará,6,0,0.0,146,2.53,0.42,24.33,Baixo uso,2025-11-13 09:03:41
15005186,EEEM AMADEU BURLAMAQUI SIMOES,Estadual,Alenquer,PA - Pará,8,0,0.0,461,3.84,0.48,57.62,Médio uso,2025-11-13 09:03:42
15005755,EMEF PROFa VERIDIANA DE OLIVEIRA CORREA,Municipal,Alenquer,PA - Pará,10,0,0.0,16,3.87,0.39,1.6,Baixo uso,2025-11-13 09:03:42
15544567,EMEIF NOVA ESPERANÇA,Municipal,Alenquer,PA - Pará,12,0,0.0,452,8.09,0.67,37.67,Médio uso,2025-11-13 09:03:43
15587282,EEEM PROFa BEATRIZ DO VALE,Estadual,Alenquer,PA - Pará,6,1,16.67,168,1.68,0.28,28.0,Baixo uso,2025-11-13 09:03:43
15008304,EMEF ARCHIMIMO BAIA DA COSTA,Municipal,Montealegre,PA - Pará,4,4,100.0,25,7.38,1.85,6.25,Baixo uso,2025-11-13 09:03:43
15008487,EMEIEF EXPEDITO CORREA MOREIRA,Municipal,Montealegre,PA - Pará,6,0,0.0,490,6.68,1.11,81.67,Médio uso,2025-11-13 09:03:44
15587886,EETEPA MONTE ALEGRE,Estadual,Montealegre,PA - Pará,8,0,0.0,300,6.33,0.79,37.5,Médio uso,2025-11-13 09:03:44
15007251,EMEIEF PROF ROSALIA SIMOES BARBOSA,Municipal,Montealegre,PA - Pará,7,7,100.0,361,1.6,0.23,51.57,Médio uso,2025-11-13 09:03:45
15562735,EMEF PREFEITO CARIM MELEM,Municipal,Montealegre,PA - Pará,14,14,100.0,462,7.38,0.53,33.0,Médio uso,2025-11-13 09:03:45
15007367,EMEF AFRANIO A DE ALMEIDA LINS,Municipal,Montealegre,PA - Pará,4,0,0.0,175,5.7,1.42,43.75,Médio uso,2025-11-13 09:03:46
15007359,EMEF SANTA CRUZ,Municipal,Montealegre,PA - Pará,8,8,100.0,380,2.16,0.27,47.5,Médio uso,2025-11-13 09:03:46
15007324,EEEM PREFEITO CARIM MELEM,Estadual,Montealegre,PA - Pará,7,0,0.0,167,0.67,0.1,23.86,Baixo uso,2025-11-13 09:03:47
15007375,EEEM FRANCISCO NOBRE DE ALMEIDA,Estadual,Montealegre,PA - Pará,6,0,0.0,37,2.73,0.46,6.17,Baixo uso,2025-11-13 09:03:47
15572099,EEEM PRESIDENTE FERNANDO HENRIQUE,Estadual,Montealegre,PA - Pará,6,0,0.0,330,0.98,0.16,55.0,Médio uso,2025-11-13 09:03:48
29024846,EE  COLEGIO ESTADUAL AGOSTINHO MUNIZ,Estadual,Juazeiro,BA - Bahia,7,7,100.0,170,2.65,0.38,24.29,Baixo uso,2025-11-13 09:03:48
29025087,COLEGIO MUNICIPAL HELENA CELESTINO MAGALHAES,Municipal,Juazeiro,BA - Bahia,9,0,0.0,387,6.57,0.73,43.0,Médio uso,2025-11-13 09:03:49
29401600,EM PRESIDENTE TANCREDO NEVES,Municipal,Juazeiro,BA - Bahia,9,0,0.0,246,2.09,0.23,27.33,Baixo uso,2025-11-13 09:03:49
29024536,EE COLEGIO ESTADUAL LOMANTO JUNIOR,Estadual,Juazeiro,BA - Bahia,9,9,100.0,136,7.17,0.8,15.11,Baixo uso,2025-11-13 09:03:49
29025060,EE COLEGIO ESTADUAL JUTAHY MAGALHAES,Estadual,Juazeiro,BA - Bahia,9,0,0.0,83,9.36,1.04,9.22,Baixo uso,2025-11-13 09:03:50
26213605,EM  PROFESSOR WALTER GIL,Municipal,Petrolina,PE - Pernambuco,9,0,0.0,196,6.4,0.71,21.78,Baixo uso,2025-11-13 09:03:50
26035880,EM JACOB FERREIRA,Municipal,Petrolina,PE - Pernambuco,9,0,0.0,282,1.24,0.14,31.33,Médio uso,2025-11-13 09:03:51
26186187,EM MARECHAL MASCARENHAS DE MORAES,Municipal,Petrolina,PE - Pernambuco,9,0,0.0,276,2.5,0.28,30.67,Médio uso,2025-11-13 09:03:52
26186195,CMEI WALLISSON PEDRO SOUZA DE SA,Municipal,Petrolina,PE - Pernambuco,4,4,100.0,5,7.58,1.9,1.25,Baixo uso,2025-11-13 09:03:52
26190710,EMTI PAUL HARRIS,Municipal,Petrolina,PE - Pernambuco,3,0,0.0,358,8.51,2.84,119.33,Uso normal,2025-11-13 09:03:52
26460726,CMEI MARIA WILZA BARROS,Municipal,Petrolina,PE - Pernambuco,4,4,100.0,16,2.05,0.51,4.0,Baixo uso,2025-11-13 09:03:53
26133819,CAIC DR AMARO DE LYRA E CESAR,Municipal,Caruaru,PE - Pernambuco,9,9,100.0,408,1.02,0.11,45.33,Médio uso,2025-11-13 09:03:53
26054841,EM PROFESSOR LEUDO VALENCA,Municipal,Caruaru,PE - Pernambuco,9,0,0.0,354,3.42,0.38,39.33,Médio uso,2025-11-13 09:03:54
SeducEstadualPE,,,,,5,5,100.0,236,6.16,1.23,47.2,Médio uso,2025-11-13 09:03:54
26035286,ESCOLA MUNICIPAL PROF MAROQUINHA,Municipal,Petrolina,PE - Pernambuco,11,11,100.0,41,9.7,0.88,3.73,Baixo uso,2025-11-13 09:03:56
29429536,EM ARGEMIRO JOSE DA CRUZ,Municipal,Juazeiro,BA - Bahia,9,0,0.0,240,6.57,0.73,26.67,Baixo uso,2025-11-13 09:03:57
29470820,EMEI BEATRIZ ANGELICA M F DA SILVA,Municipal,Juazeiro,BA - Bahia,4,0,0.0,170,7.8,1.95,42.5,Médio uso,2025-11-13 09:03:57
24083720,CENTRO ATENDIMENTO AO SURDO - CAS,Estadual,Mossoro,RN - Rio Grande do Norte,3,3,100.0,310,1.84,0.61,103.33,Uso normal,2025-11-13 09:03:58
24002208,EE DR LAVOISIER MAIA ENS DE 1º GRAU,Estadual,Mossoro,RN - Rio Grande do Norte,7,0,0.0,33,1.13,0.16,4.71,Baixo uso,2025-11-13 09:03:58
24002330,EE PROFESSOR ABEL FREIRE COELHO,Estadual,Mossoro,RN - Rio Grande do Norte,9,0,0.0,171,8.01,0.89,19.0,Baixo uso,2025-11-13 09:03:59
24001155,CE INTEGRADA PROF ELISEU VIANA,Estadual,Mossoro,RN - Rio Grande do Norte,9,9,100.0,427,9.29,1.03,47.44,Médio uso,2025-11-13 09:03:59
25114808,ECI PROFESSOR ITAN PEREIRA,Estadual,Campinagrande,PB - Paraíba,9,0,0.0,320,5.61,0.62,35.56,Médio uso,2025-11-13 09:04:00
25130331,ECIT PROF BRAULIO MAIA JUNIOR,Estadual,Campinagrande,PB - Paraíba,7,7,100.0,173,9.7,1.39,24.71,Baixo uso,2025-11-13 09:04:00
24002364,EE PROF HERMOGENES NOGUEIRA DA COSTA,Estadual,Mossoro,RN - Rio Grande do Norte,9,9,100.0,28,7.01,0.78,3.11,Baixo uso,2025-11-13 09:04:01
25072005,EEEFM ADEMAR VELOSO SILVEIRA,Estadual,Campinagrande,PB - Paraíba,9,9,100.0,128,3.95,0.44,14.22,Baixo uso,2025-11-13 09:04:01
24002011,EE 30 DE SETEMBRO,Estadual,Mossoro,RN - Rio Grande do Norte,7,0,0.0,275,4.24,0.61,39.29,Médio uso,2025-11-13 09:04:02
24002046,EE ABOLICAO IV,Estadual,Mossoro,RN - Rio Grande do Norte,4,0,0.0,155,6.02,1.5,38.75,Médio uso,2025-11-13 09:04:02
24066788,CAIC EE JERONIMO VINGT R MAIA,Estadual,Mossoro,RN - Rio Grande do Norte,7,0,0.0,292,5.75,0.82,41.71,Médio uso,2025-11-13 09:04:03
25117858,EEEF REITOR EDVALDO DO O,Estadual,Campinagrande,PB - Paraíba,7,7,100.0,454,3.51,0.5,64.86,Médio uso,2025-11-13 09:04:03
24002992,EM MONSENHOR MOTA,Municipal,Mossoro,RN - Rio Grande do Norte,4,0,0.0,338,1.06,0.27,84.5,Médio uso,2025-11-13 09:04:04
24002755,EM PROFª DOLORES FREIRE DE ANDRADE,Municipal,Mossoro,RN - Rio Grande do Norte,4,4,100.0,456,3.54,0.89,114.0,Uso normal,2025-11-13 09:04:04
24076660,EM PROFª NINA RIBEIRO MACEDO REBOUCAS,Municipal,Mossoro,RN - Rio Grande do Norte,7,0,0.0,285,7.85,1.12,40.71,Médio uso,2025-11-13 09:04:04
24072761,UEI LUCIA MARIA NOGUEIRA MENDES,Municipal,Mossoro,RN - Rio Grande do Norte,4,0,0.0,396,1.74,0.44,99.0,Médio uso,2025-11-13 09:04:05
24072559,UEI MARIO NEGOCIO,Municipal,Mossoro,RN - Rio Grande do Norte,4,0,0.0,458,6.77,1.69,114.5,Uso normal,2025-11-13 09:04:05
25072137,ECIT PROF ANESIO LEAO,Estadual,Campinagrande,PB - Paraíba,7,0,0.0,226,0.6,0.09,32.29,Médio uso,2025-11-13 09:04:06
25072412,ECIEEM ESC VIRGINIUS DA GAMA E MELO,Estadual,Campinagrande,PB - Paraíba,4,0,0.0,201,8.27,2.07,50.25,Médio uso,2025-11-13 09:04:06
29401220,EMEI ANA MARIA MORGADO CHAVES,Municipal,Juazeiro,BA - Bahia,4,0,0.0,312,3.71,0.93,78.0,Médio uso,2025-11-13 09:04:07
29025036,EM PROFª DINORAH ALBERNAZ MELO DA SILVA,Municipal,Juazeiro,BA - Bahia,9,0,0.0,415,1.86,0.21,46.11,Médio uso,2025-11-13 09:04:07
24087343,CEEP FRANCISCO DE ASSIS PEDROSA,Estadual,Mossoro,RN - Rio Grande do Norte,7,0,0.0,462,6.37,0.91,66.0,Médio uso,2025-11-13 09:04:08
24001970,EE TERTULIANO AYRES DIAS,Estadual,Mossoro,RN - Rio Grande do Norte,9,9,100.0,330,3.23,0.36,36.67,Médio uso,2025-11-13 09:04:09
24072583,UEI ADALGIZA FERNANDES MOREIRA,Municipal,Mossoro,RN - Rio Grande do Norte,4,4,100.0,423,3.36,0.84,105.75,Uso normal,2025-11-13 09:04:09
29025397,EM PROFª TEREZINHA FERREIRA DE OLIVEIRA,Municipal,Juazeiro,BA - Bahia,9,0,0.0,270,5.71,0.63,30.0,Médio uso,2025-11-13 09:04:10
29405106,EM PROFESSOR JOSE PEREIRA DA SILVA,Municipal,Juazeiro,BA - Bahia,9,0,0.0,71,3.14,0.35,7.89,Baixo uso,2025-11-13 09:04:10
29024692,EM PROFESSORA CARMEN COSTA SANTOS,Municipal,Juazeiro,BA - Bahia,9,0,0.0,221,8.44,0.94,24.56,Baixo uso,2025-11-13 09:04:11
29402100,EM GENTIL DAMASIO NASCIMENTO,Municipal,Juazeiro,BA - Bahia,7,0,0.0,485,8.81,1.26,69.29,Médio uso,2025-11-13 09:04:11
25117688,ECI IRMA STEFANIE,Estadual,Campinagrande,PB - Paraíba,7,7,100.0,212,9.12,1.3,30.29,Médio uso,2025-11-13 09:04:12
25072340,EEEF ALCEU DO AMOROSO LIMA,Estadual,Campinagrande,PB - Paraíba,7,7,100.0,468,4.69,0.67,66.86,Médio uso,2025-11-13 09:04:12
25072145,EEEFM DOM LUIZ GONZAGA FERNANDES,Estadual,Campinagrande,PB - Paraíba,7,7,100.0,285,5.1,0.73,40.71,Médio uso,2025-11-13 09:04:12
24002429,EE MANOEL JOAO ENS DE 1 GRAU,Estadual,Mossoro,RN - Rio Grande do Norte,7,0,0.0,385,4.92,0.7,55.0,Médio uso,2025-11-13 09:04:13
24292303,CENTRO DE APOIO AO DEFICIENTE VISUAL,Municipal,Mossoro,RN - Rio Grande do Norte,3,0,0.0,284,9.65,3.22,94.67,Médio uso,2025-11-13 09:04:14
24002062,EE AIDA RAMALHO CORTEZ PEREIRA,Estadual,Mossoro,RN - Rio Grande do Norte,4,4,100.0,55,6.32,1.58,13.75,Baixo uso,2025-11-13 09:04:14
24002747,EM DINARTE MARIZ,Municipal,Mossoro,RN - Rio Grande do Norte,7,7,100.0,205,6.35,0.91,29.29,Baixo uso,2025-11-13 09:04:15
24001929,EM JOSE BENJAMIM,Municipal,Mossoro,RN - Rio Grande do Norte,4,0,0.0,341,1.78,0.45,85.25,Médio uso,2025-11-13 09:04:15
24003166,EM SENADOR DUARTE FILHO,Municipal,Mossoro,RN - Rio Grande do Norte,7,0,0.0,269,0.99,0.14,38.43,Médio uso,2025-11-13 09:04:15
24072591,UEI AMELIA FERREIRA DE SOUZA,Municipal,Mossoro,RN - Rio Grande do Norte,4,0,0.0,5,6.69,1.67,1.25,Baixo uso,2025-11-13 09:04:16
29469252,EMEI PASTOR MANOEL MARQUES DE SOUZA,Municipal,Juazeiro,BA - Bahia,4,0,0.0,359,7.25,1.81,89.75,Médio uso,2025-11-13 09:04:16
25072234,EEEF DE MONTE SANTO,Estadual,Campinagrande,PB - Paraíba,7,0,0.0,446,9.7,1.39,63.71,Médio uso,2025-11-13 09:04:17
25114034,EEEF DOM HELDER CAMARA,Estadual,Campinagrande,PB - Paraíba,7,7,100.0,469,1.64,0.23,67.0,Médio uso,2025-11-13 09:04:17
25076400,EEEFM PROF ANTONIO OLIVEIRA,Estadual,Campinagrande,PB - Paraíba,7,0,0.0,122,6.52,0.93,17.43,Baixo uso,2025-11-13 09:04:18
29341256,EM ANALIA BARBOSA DE SOUZA,Municipal,Juazeiro,BA - Bahia,9,9,100.0,177,1.98,0.22,19.67,Baixo uso,2025-11-13 09:04:18
25072056,EEEFM POETA CARLOS DRUMOND DE ANDRADE,Estadual,Campinagrande,PB - Paraíba,9,0,0.0,467,4.8,0.53,51.89,Médio uso,2025-11-13 09:04:19
29461367,EMEI LENI LOPES DE A SANTOS,Municipal,Juazeiro,BA - Bahia,6,0,0.0,428,2.1,0.35,71.33,Médio uso,2025-11-13 09:04:19
29445256,EMEI NOSSO SENHOR DOS AFLITOS,Municipal,Juazeiro,BA - Bahia,4,4,100.0,201,8.65,2.16,50.25,Médio uso,2025-11-13 09:04:20
29461197,EMEI NELIA DE SOUZA COSTA,Municipal,Juazeiro,BA - Bahia,8,0,0.0,296,1.17,0.15,37.0,Médio uso,2025-11-13 09:04:20
29469120,EM PROF MAZZ CAVALCANTI REIS DA ROCHA,Municipal,Juazeiro,BA - Bahia,7,0,0.0,252,6.88,0.98,36.0,Médio uso,2025-11-13 09:04:21
25072013,ECI RAUL CORDULA,Estadual,Campinagrande,PB - Paraíba,7,0,0.0,379,0.99,0.14,54.14,Médio uso,2025-11-13 09:04:21
25072374,EEEF MA EMILIA O DE ALMEIDA,Estadual,Campinagrande,PB - Paraíba,7,7,100.0,469,1.55,0.22,67.0,Médio uso,2025-11-13 09:04:21
25114433,EEEF SENADOR HUMBERTO LUCENA,Estadual,Campinagrande,PB - Paraíba,9,9,100.0,100,9.55,1.06,11.11,Baixo uso,2025-11-13 09:04:22
25072080,EEEFM NINA ALVES DE LIMA,Estadual,Campinagrande,PB - Paraíba,7,0,0.0,199,2.85,0.41,28.43,Baixo uso,2025-11-13 09:04:22
24001252,CEJA PROF ALFREDO SIMONETTI,Estadual,Mossoro,RN - Rio Grande do Norte,9,0,0.0,117,8.9,0.99,13.0,Baixo uso,2025-11-13 09:04:23
24001724,EE EDUCANDARIO PROFESSOR PAULO FREIRE,Estadual,Mossoro,RN - Rio Grande do Norte,7,0,0.0,262,1.68,0.24,37.43,Médio uso,2025-11-13 09:04:23
25072099,ECI ASSIS CHATEAUBRIAND,Estadual,Campinagrande,PB - Paraíba,9,0,0.0,373,2.91,0.32,41.44,Médio uso,2025-11-13 09:04:24
25072030,ECI NENZINHA CUNHA LIMA,Estadual,Campinagrande,PB - Paraíba,7,0,0.0,217,0.28,0.04,31.0,Médio uso,2025-11-13 09:04:24
25072307,ECI SOLON DE LUCENA,Estadual,Campinagrande,PB - Paraíba,7,0,0.0,127,5.44,0.78,18.14,Baixo uso,2025-11-13 09:04:25
25072200,EEEF AUGUSTO DOS ANJOS,Estadual,Campinagrande,PB - Paraíba,4,0,0.0,303,6.13,1.53,75.75,Médio uso,2025-11-13 09:04:25
25072242,EEEFM JOSE PINHEIRO,Estadual,Campinagrande,PB - Paraíba,9,9,100.0,483,0.2,0.02,53.67,Médio uso,2025-11-13 09:04:26
29024943,EM PROF MARIA DE LOURDES DUARTE,Municipal,Juazeiro,BA - Bahia,7,0,0.0,45,1.09,0.16,6.43,Baixo uso,2025-11-13 09:04:26
29461243,EMEI MARIA HELENA DA SILVA PEREIRA,Municipal,Juazeiro,BA - Bahia,4,4,100.0,401,9.04,2.26,100.25,Uso normal,2025-11-13 09:04:26
29464064,EMEI ARLINDA ALVES VARJAO,Municipal,Juazeiro,BA - Bahia,7,0,0.0,266,2.02,0.29,38.0,Médio uso,2025-11-13 09:04:27
29402140,EMEI AMELIA DUARTE,Municipal,Juazeiro,BA - Bahia,7,0,0.0,116,7.21,1.03,16.57,Baixo uso,2025-11-13 09:04:27
29024927,CM DOM AVELAR BRANDAO VILELA,Estadual,Juazeiro,BA - Bahia,9,9,100.0,294,4.12,0.46,32.67,Médio uso,2025-11-13 09:04:28
29362504,EM PROF MARIA JOSE LIMA DA ROCHA,Municipal,Juazeiro,BA - Bahia,8,0,0.0,251,1.61,0.2,31.38,Médio uso,2025-11-13 09:04:28
29024986,EM PROF MARIA FRANCA PIRES,Municipal,Juazeiro,BA - Bahia,7,0,0.0,384,6.57,0.94,54.86,Médio uso,2025-11-13 09:04:29
24002410,EE PROF JOSE NOGUEIRA,Estadual,Mossoro,RN - Rio Grande do Norte,9,1,11.11,315,6.96,0.77,35.0,Médio uso,2025-11-13 09:04:29
24003298,EM ROTARY,Municipal,Mossoro,RN - Rio Grande do Norte,7,0,0.0,8,1.8,0.26,1.14,Baixo uso,2025-11-13 09:04:30
24002305,EE PADRE ALFREDO,Estadual,Mossoro,RN - Rio Grande do Norte,9,9,100.0,219,5.04,0.56,24.33,Baixo uso,2025-11-13 09:04:30
24003409,EE CENTENARIO DE MOSSORÓ,Estadual,Mossoro,RN - Rio Grande do Norte,9,0,0.0,428,5.57,0.62,47.56,Médio uso,2025-11-13 09:04:31
24002380,EE PROF INALDA CABRAL ENS 1 GRAU,Estadual,Mossoro,RN - Rio Grande do Norte,9,0,0.0,479,5.15,0.57,53.22,Médio uso,2025-11-13 09:04:31
24001180,EE JERONIMO ROSADO,Estadual,Mossoro,RN - Rio Grande do Norte,7,0,0.0,174,6.3,0.9,24.86,Baixo uso,2025-11-13 09:04:32
29461189,EMEI EDIVANIA SANTOS CARDOSO,Municipal,Juazeiro,BA - Bahia,4,0,0.0,323,7.17,1.79,80.75,Médio uso,2025-11-13 09:04:32
29461340,EMEI ANTONIO GUILHERMINO,Municipal,Juazeiro,BA - Bahia,4,0,0.0,25,9.68,2.42,6.25,Baixo uso,2025-11-13 09:04:33
29467152,EMEI LUANA DA SILVA NASCIMENTO,Municipal,Juazeiro,BA - Bahia,4,0,0.0,146,0.47,0.12,36.5,Médio uso,2025-11-13 09:04:33
29025370,EM JOSE PADILHA DE SOUZA,Municipal,Juazeiro,BA - Bahia,7,0,0.0,138,0.65,0.09,19.71,Baixo uso,2025-11-13 09:04:33
25072196,EEEF ANTONIO VICENTE,Estadual,Campinagrande,PB - Paraíba,9,9,100.0,216,5.55,0.62,24.0,Baixo uso,2025-11-13 09:04:34
25072226,EEEF DE APLICACAO,Estadual,Campinagrande,PB - Paraíba,9,0,0.0,13,5.51,0.61,1.44,Baixo uso,2025-11-13 09:04:34
25072692,ENE PADRE EMIDIO VIANA CORREIA,Estadual,Campinagrande,PB - Paraíba,9,0,0.0,140,0.76,0.08,15.56,Baixo uso,2025-11-13 09:04:35
24070408,EM RAIMUNDA NOGUEIRA DO COUTO,Municipal,Mossoro,RN - Rio Grande do Norte,9,1,11.11,447,9.01,1.0,49.67,Médio uso,2025-11-13 09:04:35
24003123,EM RAIMUNDO FERNANDES,Municipal,Mossoro,RN - Rio Grande do Norte,7,0,0.0,174,9.49,1.36,24.86,Baixo uso,2025-11-13 09:04:36
29025362,EM PREFEITO APRIGIO DUARTE,Municipal,Juazeiro,BA - Bahia,4,0,0.0,307,0.65,0.16,76.75,Médio uso,2025-11-13 09:04:36
NUC,EST-MSR - NÚCLEO DE TECNOLOGIA ESTADUAL,Estadual,Mossoro,RN - Rio Grande do Norte,3,3,100.0,137,2.61,0.87,45.67,Médio uso,2025-11-13 09:04:37
24072842,UEI FRANCISCA CLARA,Municipal,Mossoro,RN - Rio Grande do Norte,4,0,0.0,32,2.64,0.66,8.0,Baixo uso,2025-11-13 09:04:37
24079600,UEI ROSA MARIA PINTO DA NOBREGA,Municipal,Mossoro,RN - Rio Grande do Norte,4,0,0.0,324,0.46,0.12,81.0,Médio uso,2025-11-13 09:04:38
24072885,UEI TEREZA FERNANDES DE SOUZA NEO,Municipal,Mossoro,RN - Rio Grande do Norte,4,0,0.0,396,4.35,1.09,99.0,Médio uso,2025-11-13 09:04:38
25072110,ECI FELIX ARAUJO,Estadual,Campinagrande,PB - Paraíba,9,0,0.0,224,0.96,0.11,24.89,Baixo uso,2025-11-13 09:04:39
25072439,ECI HORTENCIO SOUSA RIBEIRO PREMEN,Estadual,Campinagrande,PB - Paraíba,9,9,100.0,385,4.55,0.51,42.78,Médio uso,2025-11-13 09:04:39
25072277,ECI MONTE CARMELO,Estadual,Campinagrande,PB - Paraíba,9,9,100.0,91,3.31,0.37,10.11,Baixo uso,2025-11-13 09:04:40
25072420,ECIT DR ELPIDIO DE ALMEIDA,Estadual,Campinagrande,PB - Paraíba,9,9,100.0,177,0.89,0.1,19.67,Baixo uso,2025-11-13 09:04:40
25072285,EEEF MURILO BRAGA,Estadual,Campinagrande,PB - Paraíba,9,0,0.0,464,5.46,0.61,51.56,Médio uso,2025-11-13 09:04:41
25072161,EEEF NOSSA SENHORA DO ROSARIO,Estadual,Campinagrande,PB - Paraíba,9,9,100.0,75,2.23,0.25,8.33,Baixo uso,2025-11-13 09:04:41
25072218,EEEFM CLEMENTINO PROCOPIO,Estadual,Campinagrande,PB - Paraíba,9,0,0.0,261,6.28,0.7,29.0,Baixo uso,2025-11-13 09:04:42
25117866,EEEFM POETISA V F VITAL DO REGO,Estadual,Campinagrande,PB - Paraíba,10,1,10.0,201,3.09,0.31,20.1,Baixo uso,2025-11-13 09:04:42
25072129,EEEFM SAO SEBASTIAO,Estadual,Campinagrande,PB - Paraíba,9,0,0.0,373,9.77,1.09,41.44,Médio uso,2025-11-13 09:04:43
25072021,EEEFM SEN ARGEMIRO DE FIGUEIREDO,Estadual,Campinagrande,PB - Paraíba,9,0,0.0,463,8.77,0.97,51.44,Médio uso,2025-11-13 09:04:43
24082759,CENTRO REGIONAL DE EDUCACAO ESPECIAL,Estadual,Mossoro,RN - Rio Grande do Norte,3,3,100.0,112,6.9,2.3,37.33,Médio uso,2025-11-13 09:04:44
24002127,EE CON ESTEVAM DANTAS ENS DE 1 GRAU,Estadual,Mossoro,RN - Rio Grande do Norte,7,7,100.0,299,3.44,0.49,42.71,Médio uso,2025-11-13 09:04:44
24064459,EE DIRAN RAMOS DO AMARAL,Estadual,Mossoro,RN - Rio Grande do Norte,9,0,0.0,494,6.85,0.76,54.89,Médio uso,2025-11-13 09:04:45
24001813,EE AMBULATORIO CARDEAL CAMARA,Estadual,Mossoro,RN - Rio Grande do Norte,4,0,0.0,64,7.33,1.83,16.0,Baixo uso,2025-11-13 09:04:45
24002453,EE PROFESSOR SOLON MOURA,Estadual,Mossoro,RN - Rio Grande do Norte,7,0,0.0,320,4.67,0.67,45.71,Médio uso,2025-11-13 09:04:46
24002593,EM ALCIDES MANOEL DE MEDEIROS,Municipal,Mossoro,RN - Rio Grande do Norte,7,0,0.0,53,6.99,1.0,7.57,Baixo uso,2025-11-13 09:04:46
24002712,EM FRANCISCO DE ASSIS BATISTA,Municipal,Mossoro,RN - Rio Grande do Norte,3,0,0.0,399,1.18,0.39,133.0,Uso normal,2025-11-13 09:04:47
24072850,UEI ZEZINHA GURGEL RODRIGUES,Municipal,Mossoro,RN - Rio Grande do Norte,7,0,0.0,425,4.39,0.63,60.71,Médio uso,2025-11-13 09:04:47
29024838,EM PROF GUIOMAR LUSTOSA RODRIGUES,Municipal,Juazeiro,BA - Bahia,9,9,100.0,251,0.6,0.07,27.89,Baixo uso,2025-11-13 09:04:48
29025524,EFJ PROMOCIONAL DO MENOR - PROMENOR,Municipal,Juazeiro,BA - Bahia,7,0,0.0,466,9.52,1.36,66.57,Médio uso,2025-11-13 09:04:48
29024668,EM CENTRO SOCIAL URBANO,Municipal,Juazeiro,BA - Bahia,7,1,14.29,174,3.79,0.54,24.86,Baixo uso,2025-11-13 09:04:49
29402190,EMEI DILMA CALMON OLIVEIRA,Municipal,Juazeiro,BA - Bahia,4,0,0.0,339,5.74,1.44,84.75,Médio uso,2025-11-13 09:04:49
29461219,EMEI LUZINETE DE OLIVEIRA,Municipal,Juazeiro,BA - Bahia,5,1,20.0,313,7.86,1.57,62.6,Médio uso,2025-11-13 09:04:50
29461170,EMEI MARIA JULIA RODRIGUES TANURI,Municipal,Juazeiro,BA - Bahia,4,0,0.0,168,1.69,0.42,42.0,Médio uso,2025-11-13 09:04:50
29402150,EMEI NAILDE COSTA,Municipal,Juazeiro,BA - Bahia,8,0,0.0,401,5.02,0.63,50.12,Médio uso,2025-11-13 09:04:51
29402110,EMEI PROF HELOISA H B FARIAS,Municipal,Juazeiro,BA - Bahia,4,0,0.0,23,2.64,0.66,5.75,Baixo uso,2025-11-13 09:04:51
29024900,EM PROF CRENILDES LUIZ BRANDAO,Municipal,Juazeiro,BA - Bahia,5,0,0.0,85,9.57,1.91,17.0,Baixo uso,2025-11-13 09:04:51
29024978,EM PROF LEOPOLDINA LEAL,Municipal,Juazeiro,BA - Bahia,7,0,0.0,361,6.79,0.97,51.57,Médio uso,2025-11-13 09:04:52
NUC,MUN-JZR - NÚCLEO DE TECNOLOGIA MUNICIPAL,Municipal,Juazeiro,BA - Bahia,3,0,0.0,76,1.63,0.54,25.33,Baixo uso,2025-11-13 09:04:52
25073982,EMEF ALICE GAUDENCIO,Municipal,Campinagrande,PB - Paraíba,4,0,0.0,174,9.35,2.34,43.5,Médio uso,2025-11-13 09:04:53
25074075,EMEF ANEZIO LEAO,Municipal,Campinagrande,PB - Paraíba,4,0,0.0,414,3.12,0.78,103.5,Uso normal,2025-11-13 09:04:53
25074172,EMEF CENTENARIO,Municipal,Campinagrande,PB - Paraíba,4,0,0.0,204,4.69,1.17,51.0,Médio uso,2025-11-13 09:04:54
25073648,EMEF FREI DAGOBERTO STUCKER,Municipal,Campinagrande,PB - Paraíba,4,0,0.0,116,2.08,0.52,29.0,Baixo uso,2025-11-13 09:04:54
25074547,EMEF LILIOSA BARRETO,Municipal,Campinagrande,PB - Paraíba,7,0,0.0,56,6.18,0.88,8.0,Baixo uso,2025-11-13 09:04:55
25073710,EMEF LUCIA DE FATIMA GAYOSO MEIRA,Municipal,Campinagrande,PB - Paraíba,4,0,0.0,474,1.64,0.41,118.5,Uso normal,2025-11-13 09:04:55
25074580,EMEF LUIS GOMES DA SILVA,Municipal,Campinagrande,PB - Paraíba,4,4,100.0,139,2.65,0.66,34.75,Médio uso,2025-11-13 09:04:56
25074644,EMEF MARIA CANDIDA DE OLIVEIRA,Municipal,Campinagrande,PB - Paraíba,7,0,0.0,311,1.5,0.21,44.43,Médio uso,2025-11-13 09:04:56
25074733,EMEF MELO LEITAO,Municipal,Campinagrande,PB - Paraíba,4,1,25.0,487,9.34,2.33,121.75,Uso normal,2025-11-13 09:04:57
29024714,EM LUIS CURSINO DA FRANCA CARDOSO,Municipal,Juazeiro,BA - Bahia,4,0,0.0,158,9.85,2.46,39.5,Médio uso,2025-11-13 09:04:57
29025168,EM JOCA DE SOUZA OLIVEIRA,Municipal,Juazeiro,BA - Bahia,7,1,14.29,427,5.85,0.84,61.0,Médio uso,2025-11-13 09:04:58
29025184,EM LUDGERO DE SOUZA COSTA,Municipal,Juazeiro,BA - Bahia,7,0,0.0,383,6.16,0.88,54.71,Médio uso,2025-11-13 09:04:58
29025575,EM PROF HELENA ARAUJO PINHEIRO,Municipal,Juazeiro,BA - Bahia,7,0,0.0,496,1.53,0.22,70.86,Médio uso,2025-11-13 09:04:59
24002186,EE DR EWERTON D CORTEZ ENS 1 GRAU,Estadual,Mossoro,RN - Rio Grande do Norte,7,0,0.0,495,1.17,0.17,70.71,Médio uso,2025-11-13 09:04:59
24002240,EE J M VASCONCELOS ESN 1 E 2 GRAUS,Estadual,Mossoro,RN - Rio Grande do Norte,9,9,100.0,173,5.67,0.63,19.22,Baixo uso,2025-11-13 09:05:00
24002259,EE LUIZ DANTAS CAVALCANTI,Estadual,Mossoro,RN - Rio Grande do Norte,7,6,85.71,275,7.06,1.01,39.29,Médio uso,2025-11-13 09:05:00
24002445,EE PROF MARIA STELLA PINHEIRO COSTA,Estadual,Mossoro,RN - Rio Grande do Norte,9,1,11.11,255,2.38,0.26,28.33,Baixo uso,2025-11-13 09:05:01
24003000,EM NONO ROSADO,Municipal,Mossoro,RN - Rio Grande do Norte,4,4,100.0,302,9.86,2.47,75.5,Médio uso,2025-11-13 09:05:01
24079570,EM RONALD PINHEIRO NEO JUNIOR,Municipal,Mossoro,RN - Rio Grande do Norte,7,0,0.0,354,0.76,0.11,50.57,Médio uso,2025-11-13 09:05:02
24072648,UEI ELINEIDE CARVALHO CUNHA,Municipal,Mossoro,RN - Rio Grande do Norte,4,4,100.0,406,7.33,1.83,101.5,Uso normal,2025-11-13 09:05:02
24001953,EE PROF HERMOGENES NOGUEIRA DA COSTA,Estadual,Mossoro,RN - Rio Grande do Norte,4,4,100.0,187,3.57,0.89,46.75,Médio uso,2025-11-13 09:05:03
29024960,EM PROF HAYDEE FONSECA FALCAO,Municipal,Juazeiro,BA - Bahia,9,0,0.0,200,9.93,1.1,22.22,Baixo uso,2025-11-13 09:05:03
29402120,EMEI ANNA HILDA LEITE FARIA,Municipal,Juazeiro,BA - Bahia,3,0,0.0,48,2.53,0.84,16.0,Baixo uso,2025-11-13 09:05:04
29450004,EMTI PROF IRACEMA PEREIRA DA PAIXAO,Municipal,Juazeiro,BA - Bahia,4,0,0.0,65,1.63,0.41,16.25,Baixo uso,2025-11-13 09:05:04
29025176,EM JUDITE LEAL COSTA,Municipal,Juazeiro,BA - Bahia,4,0,0.0,476,9.82,2.46,119.0,Uso normal,2025-11-13 09:05:05
29025311,EM NOSSA SENHORA DAS GROTAS - SEDE,Municipal,Juazeiro,BA - Bahia,4,0,0.0,99,5.28,1.32,24.75,Baixo uso,2025-11-13 09:05:05
25073630,EMEF FERNANDO CUNHA LIMA,Municipal,Campinagrande,PB - Paraíba,4,0,0.0,60,9.37,2.34,15.0,Baixo uso,2025-11-13 09:05:06
25072552,EMEF DR CHATEAUBRIAND,Municipal,Campinagrande,PB - Paraíba,9,0,0.0,181,1.16,0.13,20.11,Baixo uso,2025-11-13 09:05:06
25074288,EMEF DR SEVERINO CRUZ,Municipal,Campinagrande,PB - Paraíba,4,0,0.0,260,5.97,1.49,65.0,Médio uso,2025-11-13 09:05:06
25074369,EMEF GRACITA MELO,Municipal,Campinagrande,PB - Paraíba,4,0,0.0,267,3.98,0.99,66.75,Médio uso,2025-11-13 09:05:07
25074571,EMEF LIONS PRATA,Municipal,Campinagrande,PB - Paraíba,7,0,0.0,142,5.35,0.76,20.29,Baixo uso,2025-11-13 09:05:08
25073737,EMEF LUIZ JOAQUIM AVELINO,Municipal,Campinagrande,PB - Paraíba,4,2,50.0,156,4.01,1.0,39.0,Médio uso,2025-11-13 09:05:08
25074792,EMEF PE EMIDIO VIANA CORREIA,Municipal,Campinagrande,PB - Paraíba,7,0,0.0,264,8.78,1.25,37.71,Médio uso,2025-11-13 09:05:09
25073958,EMEF PROF JOSE DE ALMEIDA JUNIOR,Municipal,Campinagrande,PB - Paraíba,4,0,0.0,289,0.36,0.09,72.25,Médio uso,2025-11-13 09:05:09
25074938,EMEF PROFA LUZIA DANTAS,Municipal,Campinagrande,PB - Paraíba,4,0,0.0,288,9.31,2.33,72.0,Médio uso,2025-11-13 09:05:10
25074164,EMEF AROLDO CRUZ FILHO,Municipal,Campinagrande,PB - Paraíba,4,0,0.0,33,0.55,0.14,8.25,Baixo uso,2025-11-13 09:05:10
25108662,EMEF CEAI DR JOAO PEREIRA DE ASSIS,Municipal,Campinagrande,PB - Paraíba,9,0,0.0,422,2.94,0.33,46.89,Médio uso,2025-11-13 09:05:11
25074326,EMEF FELIX ARAUJO,Municipal,Campinagrande,PB - Paraíba,4,4,100.0,300,3.63,0.91,75.0,Médio uso,2025-11-13 09:05:11
24002070,EE ALEIXO ROSA DA SILVA ENS 1 GRAU,Estadual,Mossoro,RN - Rio Grande do Norte,4,4,100.0,23,1.97,0.49,5.75,Baixo uso,2025-11-13 09:05:12
24002160,EE D JAIME CAMARA ENS DE 1 GRAU,Estadual,Mossoro,RN - Rio Grande do Norte,4,4,100.0,239,6.21,1.55,59.75,Médio uso,2025-11-13 09:05:12
24002291,EE MOREIRA DIAS ENS FUNDAMENTAL E MEDIO,Estadual,Mossoro,RN - Rio Grande do Norte,9,0,0.0,491,6.2,0.69,54.56,Médio uso,2025-11-13 09:05:12
24002402,EE PROF JOSE F NOBRE ENS 1 2 GRAUS,Estadual,Mossoro,RN - Rio Grande do Norte,9,0,0.0,165,0.47,0.05,18.33,Baixo uso,2025-11-13 09:05:13
24071870,EE ALFA VILLE,Estadual,Mossoro,RN - Rio Grande do Norte,4,4,100.0,232,4.34,1.08,58.0,Médio uso,2025-11-13 09:05:13
24002356,EE ANTONIO DE SOUZA MACHADO,Estadual,Mossoro,RN - Rio Grande do Norte,9,0,0.0,248,2.84,0.32,27.56,Baixo uso,2025-11-13 09:05:14
24002097,EE ANTONIO GOMES,Estadual,Mossoro,RN - Rio Grande do Norte,4,4,100.0,185,4.71,1.18,46.25,Médio uso,2025-11-13 09:05:14
24002151,EE CUNHA DA MOTA,Estadual,Mossoro,RN - Rio Grande do Norte,4,4,100.0,461,4.16,1.04,115.25,Uso normal,2025-11-13 09:05:15
24002267,EE MANOEL JUSTINIANO DE MELO,Estadual,Mossoro,RN - Rio Grande do Norte,9,9,100.0,159,5.72,0.64,17.67,Baixo uso,2025-11-13 09:05:15
24001872,EE PADRE SATIRO CAVALCANTI DANTAS,Estadual,Mossoro,RN - Rio Grande do Norte,7,1,14.29,410,7.87,1.12,58.57,Médio uso,2025-11-13 09:05:16
24002674,EM CELINA GUIMARAES VIANA,Municipal,Mossoro,RN - Rio Grande do Norte,9,0,0.0,389,2.84,0.32,43.22,Médio uso,2025-11-13 09:05:16
24003530,EM NOSSA SENHORA DAS GRACAS,Municipal,Mossoro,RN - Rio Grande do Norte,4,0,0.0,159,8.86,2.22,39.75,Médio uso,2025-11-13 09:05:17
24072834,UEI MARIA IRACEMA ARAUJO CALDAS,Municipal,Mossoro,RN - Rio Grande do Norte,3,0,0.0,67,1.28,0.43,22.33,Baixo uso,2025-11-13 09:05:17
24072532,UEI MARIA JULIA UCHOA,Municipal,Mossoro,RN - Rio Grande do Norte,4,0,0.0,195,2.01,0.5,48.75,Médio uso,2025-11-13 09:05:18
24072575,UEI NOEME BORGES,Municipal,Mossoro,RN - Rio Grande do Norte,4,0,0.0,88,1.43,0.36,22.0,Baixo uso,2025-11-13 09:05:18
25074032,EMEF ALMIRA DE OLIVEIRA,Municipal,Campinagrande,PB - Paraíba,3,0,0.0,252,5.82,1.94,84.0,Médio uso,2025-11-13 09:05:18
25074113,EMEF ANISIO TEIXEIRA,Municipal,Campinagrande,PB - Paraíba,4,0,0.0,419,7.69,1.92,104.75,Uso normal,2025-11-13 09:05:19
25074245,EMEF DEP PETRONIO FIGUEREDO,Municipal,Campinagrande,PB - Paraíba,4,0,0.0,487,1.22,0.31,121.75,Uso normal,2025-11-13 09:05:19
25074296,EMEF EPITACIO PESSOA,Municipal,Campinagrande,PB - Paraíba,4,4,100.0,226,2.03,0.51,56.5,Médio uso,2025-11-13 09:05:20
25150200,EMEF ESTUDANTE L V GUIMARAES,Municipal,Campinagrande,PB - Paraíba,7,0,0.0,167,1.28,0.18,23.86,Baixo uso,2025-11-13 09:05:20
24002232,EE GOVERNADOR DIX-SEPT ROSADO,Estadual,Mossoro,RN - Rio Grande do Norte,7,0,0.0,203,6.21,0.89,29.0,Baixo uso,2025-11-13 09:05:21
25073656,EMEF GERIVALDO LUNA DE OLIVEIRA,Municipal,Campinagrande,PB - Paraíba,4,4,100.0,444,6.66,1.66,111.0,Uso normal,2025-11-13 09:05:21
25074482,EMEF JOSE VIRGINIO DE LIMA,Municipal,Campinagrande,PB - Paraíba,4,0,0.0,32,4.68,1.17,8.0,Baixo uso,2025-11-13 09:05:22
25073745,EMEF MANOEL DA COSTA CIRNE,Municipal,Campinagrande,PB - Paraíba,9,0,0.0,115,4.18,0.46,12.78,Baixo uso,2025-11-13 09:05:22
25074695,EMEF MARIA MINERVINA FIGUEIREDO,Municipal,Campinagrande,PB - Paraíba,4,0,0.0,103,5.24,1.31,25.75,Baixo uso,2025-11-13 09:05:23
24069736,EE NOSSA SENHORA DE FATIMA,Estadual,Mossoro,RN - Rio Grande do Norte,7,0,0.0,1,0.45,0.06,0.14,Baixo uso,2025-11-13 09:05:23
25074717,EMEF MARINHA BORBOREMA,Municipal,Campinagrande,PB - Paraíba,4,4,100.0,267,1.99,0.5,66.75,Médio uso,2025-11-13 09:05:24
24001880,EM ANDRE LUIZ,Municipal,Mossoro,RN - Rio Grande do Norte,7,7,100.0,95,0.55,0.08,13.57,Baixo uso,2025-11-13 09:05:24
25073800,EMEF PADRE ANTONINO,Municipal,Campinagrande,PB - Paraíba,9,0,0.0,441,8.92,0.99,49.0,Médio uso,2025-11-13 09:05:25
24065099,EM IZABEL FERNANDES,Municipal,Mossoro,RN - Rio Grande do Norte,3,0,0.0,97,7.68,2.56,32.33,Médio uso,2025-11-13 09:05:25
24003204,EM JOAQUIM FELICIO DE MOURA,Municipal,Mossoro,RN - Rio Grande do Norte,7,0,0.0,292,2.02,0.29,41.71,Médio uso,2025-11-13 09:05:26
24080284,EM PROFESSOR ANTONIO AMORIM,Municipal,Mossoro,RN - Rio Grande do Norte,4,0,0.0,27,4.78,1.19,6.75,Baixo uso,2025-11-13 09:05:26
24003212,EM PROFESSOR ANTONIO FAGUNDES,Municipal,Mossoro,RN - Rio Grande do Norte,9,0,0.0,150,9.9,1.1,16.67,Baixo uso,2025-11-13 09:05:26
25073826,EMEF PROF FRANCISCA ZENA BRASILEIRO,Municipal,Campinagrande,PB - Paraíba,4,0,0.0,337,1.36,0.34,84.25,Médio uso,2025-11-13 09:05:27
25121685,EMEF ROBERTO SIMONSEN,Municipal,Campinagrande,PB - Paraíba,9,0,0.0,241,3.62,0.4,26.78,Baixo uso,2025-11-13 09:05:27
24003220,EM PROFESSOR MANOEL ASSIS,Municipal,Mossoro,RN - Rio Grande do Norte,9,0,0.0,435,7.91,0.88,48.33,Médio uso,2025-11-13 09:05:28
24072737,UEI JULIO GALDINO NETO,Municipal,Mossoro,RN - Rio Grande do Norte,4,0,0.0,33,9.87,2.47,8.25,Baixo uso,2025-11-13 09:05:28
25072919,EMEF SEMENTE DE LUZ,Municipal,Campinagrande,PB - Paraíba,1,1,100.0,169,4.22,4.22,169.0,Uso normal,2025-11-13 09:05:29
25072889,ESCOLA SANTO ANTONIO 1,Municipal,Campinagrande,PB - Paraíba,4,0,0.0,172,3.89,0.97,43.0,Médio uso,2025-11-13 09:05:29
24072877,UEI MARIA LEITE DE LACERDA ROCHA,Municipal,Mossoro,RN - Rio Grande do Norte,3,0,0.0,341,0.79,0.26,113.67,Uso normal,2025-11-13 09:05:30
24001899,EE DISNEYLANDIA,Estadual,Mossoro,RN - Rio Grande do Norte,7,0,0.0,237,2.03,0.29,33.86,Médio uso,2025-11-13 09:05:30
24071811,EE JERONIMO V R MAIA,Estadual,Mossoro,RN - Rio Grande do Norte,9,9,100.0,88,8.11,0.9,9.78,Baixo uso,2025-11-13 09:05:31
24068861,EE NOSSA SENHORA DAS GRACAS,Estadual,Mossoro,RN - Rio Grande do Norte,4,0,0.0,262,9.55,2.39,65.5,Médio uso,2025-11-13 09:05:31
29408628,EE CE ARTUR OLIVEIRA DA SILVA,Estadual,Juazeiro,BA - Bahia,9,8,88.89,218,5.02,0.56,24.22,Baixo uso,2025-11-13 09:05:32
29024862,EE COLEGIO ESTADUAL CECILIO MATTOS,Estadual,Juazeiro,BA - Bahia,9,0,0.0,219,1.19,0.13,24.33,Baixo uso,2025-11-13 09:05:32
29025117,EE CE DONA GUIOMAR BARRETO MEIRA,Estadual,Juazeiro,BA - Bahia,9,9,100.0,462,2.13,0.24,51.33,Médio uso,2025-11-13 09:05:33
29024722,EE CE PEDRO RAYMUNDO MOREIRA REGO,Estadual,Juazeiro,BA - Bahia,9,0,0.0,179,3.9,0.43,19.89,Baixo uso,2025-11-13 09:05:33
29025079,EM PEDRO RAIMUNDO RODRIGUES REGO,Municipal,Juazeiro,BA - Bahia,9,0,0.0,498,6.59,0.73,55.33,Médio uso,2025-11-13 09:05:34
29024579,EE COLEGIO ESTADUAL RUI BARBOSA,Estadual,Juazeiro,BA - Bahia,9,1,11.11,224,0.63,0.07,24.89,Baixo uso,2025-11-13 09:05:34
26152479,EM JULIA ELISA COELHO,Municipal,Petrolina,PE - Pernambuco,9,0,0.0,113,8.81,0.98,12.56,Baixo uso,2025-11-13 09:05:34
29932777,EMEI CAIC MISAEL AGUILAR,Municipal,Juazeiro,BA - Bahia,4,0,0.0,152,3.02,0.76,38.0,Médio uso,2025-11-13 09:05:35
29476615,EMEI VANDA GUERRA,Municipal,Juazeiro,BA - Bahia,7,0,0.0,216,7.23,1.03,30.86,Médio uso,2025-11-13 09:05:35
29415160,EM PROFESSOR CARLOS DA COSTA SILVA,Municipal,Juazeiro,BA - Bahia,4,0,0.0,2,2.14,0.53,0.5,Baixo uso,2025-11-13 09:05:36
29024765,EE C E ANTONILIO DA FRANCA CARDOSO,Estadual,Juazeiro,BA - Bahia,9,9,100.0,452,8.51,0.95,50.22,Médio uso,2025-11-13 09:05:36
29025001,EE COLEGIO ESTADUAL ROTARY CLUBE,Estadual,Juazeiro,BA - Bahia,9,0,0.0,452,2.16,0.24,50.22,Médio uso,2025-11-13 09:05:37
29390737,EE C MODELO LUIS EDUARDO MAGALHAES,Estadual,Juazeiro,BA - Bahia,9,9,100.0,229,4.81,0.53,25.44,Baixo uso,2025-11-13 09:05:37
29461251,EMEI ADELAIDE MOREIRA BISPO,Municipal,Juazeiro,BA - Bahia,4,0,0.0,211,5.9,1.47,52.75,Médio uso,2025-11-13 09:05:38
26147181,EM PROFESSORA ZELIA MATIAS,Municipal,Petrolina,PE - Pernambuco,7,7,100.0,427,3.65,0.52,61.0,Médio uso,2025-11-13 09:05:38
NUC,EST-JZR - NÚCLEO DE TECNOLOGIA ESTADUAL,Estadual,Juazeiro,BA - Bahia,3,0,0.0,225,2.87,0.96,75.0,Médio uso,2025-11-13 09:05:39
24070076,EM PAULO CAVALCANTE DE MOURA,Municipal,Mossoro,RN - Rio Grande do Norte,9,0,0.0,157,7.7,0.86,17.44,Baixo uso,2025-11-13 09:05:39
24001910,EE JOAO PAULO II,Estadual,Mossoro,RN - Rio Grande do Norte,7,7,100.0,11,6.15,0.88,1.57,Baixo uso,2025-11-13 09:05:40
25073567,EMEF AGEU GENUINO DA SILVA,Municipal,Campinagrande,PB - Paraíba,4,0,0.0,111,8.37,2.09,27.75,Baixo uso,2025-11-13 09:05:40
24068942,EM PROFESSOR FRANCISCO MORAIS FILHO,Municipal,Mossoro,RN - Rio Grande do Norte,7,0,0.0,431,7.06,1.01,61.57,Médio uso,2025-11-13 09:05:41
25070789,EMEF CEAI DR ELPIDIO DE ALMEIDA,Municipal,Campinagrande,PB - Paraíba,9,0,0.0,253,5.14,0.57,28.11,Baixo uso,2025-11-13 09:05:41
24072869,UEI EDNA LIMA MOURA FALCAO,Municipal,Mossoro,RN - Rio Grande do Norte,4,0,0.0,65,1.21,0.3,16.25,Baixo uso,2025-11-13 09:05:42
25074393,EMEF HELENO HENRIQUES,Municipal,Campinagrande,PB - Paraíba,4,0,0.0,374,2.14,0.54,93.5,Médio uso,2025-11-13 09:05:42
24072893,UEI IZABEL MACEDO BARRETO,Municipal,Mossoro,RN - Rio Grande do Norte,4,0,0.0,133,4.83,1.21,33.25,Médio uso,2025-11-13 09:05:43
24079561,UEI MARIA DAS DORES ALMEIDA BARRETO,Municipal,Mossoro,RN - Rio Grande do Norte,4,4,100.0,406,4.19,1.05,101.5,Uso normal,2025-11-13 09:05:43
25121677,EMEF MANOEL FRANCISCO DA MOTTA,Municipal,Campinagrande,PB - Paraíba,9,0,0.0,181,2.31,0.26,20.11,Baixo uso,2025-11-13 09:05:44
25120646,EMEF MARIA D VIT PIRES UCHOA QUEIROZ,Municipal,Campinagrande,PB - Paraíba,13,0,0.0,344,3.64,0.28,26.46,Baixo uso,2025-11-13 09:05:44
24076597,UEI MARIA DO SOCORRO  FERNANDES  M,Municipal,Mossoro,RN - Rio Grande do Norte,3,0,0.0,225,3.55,1.18,75.0,Médio uso,2025-11-13 09:05:45
25074814,EMEF PRESIDENTE KENNEDY,Municipal,Campinagrande,PB - Paraíba,7,1,14.29,461,4.62,0.66,65.86,Médio uso,2025-11-13 09:05:45
29024803,EE CEEP GEST E NEG DO NORTE BAIANO,Estadual,Juazeiro,BA - Bahia,9,9,100.0,145,4.62,0.51,16.11,Baixo uso,2025-11-13 09:05:46
29025028,EE C DA PM CPM ALFREDO VIANNA,Estadual,Juazeiro,BA - Bahia,9,0,0.0,171,8.18,0.91,19.0,Baixo uso,2025-11-13 09:05:46
29024528,EE CDE P FLORENTINA ALVES DS TI,Estadual,Juazeiro,BA - Bahia,9,9,100.0,67,8.6,0.96,7.44,Baixo uso,2025-11-13 09:05:47
26034107,CMEI DR CICERO LUZ,Municipal,Petrolina,PE - Pernambuco,4,0,0.0,358,0.91,0.23,89.5,Médio uso,2025-11-13 09:05:47
26034140,CM DE EDUCACAO INFANTIL IRMA VIANA,Municipal,Petrolina,PE - Pernambuco,4,0,0.0,323,0.45,0.11,80.75,Médio uso,2025-11-13 09:05:48
26187116,CM DE EI RAIMUNDA BENTA DE JESUS,Municipal,Petrolina,PE - Pernambuco,4,0,0.0,169,5.01,1.25,42.25,Médio uso,2025-11-13 09:05:48
26152460,EM DE TEMPO INTEGRAL SAO DOMINGOS SAVIO,Municipal,Petrolina,PE - Pernambuco,4,0,0.0,164,5.06,1.27,41.0,Médio uso,2025-11-13 09:05:49
26034417,EM JECONIAS JOSE DOS SANTOS,Municipal,Petrolina,PE - Pernambuco,7,7,100.0,256,6.4,0.91,36.57,Médio uso,2025-11-13 09:05:49
25073699,EMEF LAFAYETE CAVALCANTE,Municipal,Campinagrande,PB - Paraíba,9,0,0.0,446,4.87,0.54,49.56,Médio uso,2025-11-13 09:05:49
25073885,EMEF SANTO AFONSO,Municipal,Campinagrande,PB - Paraíba,4,0,0.0,458,1.47,0.37,114.5,Uso normal,2025-11-13 09:05:50
24003352,EE SANTA DELMIRA,Estadual,Mossoro,RN - Rio Grande do Norte,4,0,0.0,54,9.55,2.39,13.5,Baixo uso,2025-11-13 09:05:50
24001775,EM MARINEIDE PEREIRA DA CUNHA,Municipal,Mossoro,RN - Rio Grande do Norte,7,0,0.0,311,5.92,0.85,44.43,Médio uso,2025-11-13 09:05:51
NUC,MUN-MSR - NÚCLEO DE TECNOLOGIA MUNICIPAL,Municipal,Mossoro,RN - Rio Grande do Norte,3,3,100.0,21,2.01,0.67,7.0,Baixo uso,2025-11-13 09:05:51
24076651,UEI ROSANIRA DE MIRANDA MOTA,Municipal,Mossoro,RN - Rio Grande do Norte,3,0,0.0,56,0.6,0.2,18.67,Baixo uso,2025-11-13 09:05:52
24002283,EE MONSENHOR RAIMUNDO GURGEL,Estadual,Mossoro,RN - Rio Grande do Norte,9,9,100.0,397,7.75,0.86,44.11,Médio uso,2025-11-13 09:05:52
24072796,UEI PARQUE DAS ROSAS,Municipal,Mossoro,RN - Rio Grande do Norte,7,0,0.0,454,4.14,0.59,64.86,Médio uso,2025-11-13 09:05:53
29461235,EMEI MARIA HOZANA NUNES,Municipal,Juazeiro,BA - Bahia,4,0,0.0,424,3.88,0.97,106.0,Uso normal,2025-11-13 09:05:53
26035154,EM PROF MARIA ODETE SAMPAIO GOMES,Municipal,Petrolina,PE - Pernambuco,7,0,0.0,189,5.39,0.77,27.0,Baixo uso,2025-11-13 09:05:54
26185253,CMEI PROINFANCIA IRMA DOURADO,Municipal,Petrolina,PE - Pernambuco,4,0,0.0,470,6.01,1.5,117.5,Uso normal,2025-11-13 09:05:54
26180049,EM PROF LUIZA DE CASTRO F E SILVA,Municipal,Petrolina,PE - Pernambuco,9,0,0.0,208,6.75,0.75,23.11,Baixo uso,2025-11-13 09:05:54
25072170,EMEF ADV OTAVIO AMORIM,Municipal,Campinagrande,PB - Paraíba,9,0,0.0,20,9.29,1.03,2.22,Baixo uso,2025-11-13 09:05:55
26188830,EM IRMA MARIA EURIDICE DOURADO,Municipal,Petrolina,PE - Pernambuco,0,0,0.0,247,7.44,0.0,0.0,Baixo uso,2025-11-13 09:05:55
26034190,CM DE EDUCACAO INFANTIL TIA DULCINEIA,Municipal,Petrolina,PE - Pernambuco,4,0,0.0,245,6.17,1.54,61.25,Médio uso,2025-11-13 09:05:56
26181606,CMEI PROINFANCIA JOAO DE DEUS,Municipal,Petrolina,PE - Pernambuco,7,0,0.0,438,3.46,0.49,62.57,Médio uso,2025-11-13 09:05:56
26034158,CM DE EDUCACAO INFANTIL JOAO PAULO I,Municipal,Petrolina,PE - Pernambuco,7,0,0.0,126,7.11,1.02,18.0,Baixo uso,2025-11-13 09:05:57
26168375,CM DE EDUCACAO INFANTIL PADRE ZEQUINHA,Municipal,Petrolina,PE - Pernambuco,4,0,0.0,379,5.95,1.49,94.75,Médio uso,2025-11-13 09:05:57
26187132,CMEI PROFESSORA RITA AMORIM,Municipal,Petrolina,PE - Pernambuco,4,0,0.0,461,2.26,0.56,115.25,Uso normal,2025-11-13 09:05:58
26187140,CMEI IARA CRISTINA DOS SANTOS,Municipal,Petrolina,PE - Pernambuco,4,4,100.0,361,7.91,1.98,90.25,Médio uso,2025-11-13 09:05:58
26185733,CMEI PROINFANCIA TEREZA M DE AMORIM,Municipal,Petrolina,PE - Pernambuco,7,0,0.0,95,3.39,0.48,13.57,Baixo uso,2025-11-13 09:05:59
26154145,CMEI MARIA TERESA BRENNAND COELHO,Municipal,Petrolina,PE - Pernambuco,4,0,0.0,242,5.94,1.48,60.5,Médio uso,2025-11-13 09:05:59
26140829,CMEI JOSE ALMEIDA DA SILVA,Municipal,Petrolina,PE - Pernambuco,4,0,0.0,143,5.23,1.31,35.75,Médio uso,2025-11-13 09:05:59
26140292,EM PAULO FREIRE,Municipal,Petrolina,PE - Pernambuco,9,0,0.0,411,1.64,0.18,45.67,Médio uso,2025-11-13 09:06:01
26180995,EM MARIA SOLEDADE ALVES,Municipal,Petrolina,PE - Pernambuco,9,0,0.0,42,0.39,0.04,4.67,Baixo uso,2025-11-13 09:06:01
26034131,CMEI EDITH BEZERRA,Municipal,Petrolina,PE - Pernambuco,7,0,0.0,99,7.78,1.11,14.14,Baixo uso,2025-11-13 09:06:01
25073770,EM MARIA JOSE DE CARVALHO DE SOUSA,Municipal,Campinagrande,PB - Paraíba,4,4,100.0,29,8.35,2.09,7.25,Baixo uso,2025-11-13 09:06:02
25073613,EM DR JOSE TAVARES,Municipal,Campinagrande,PB - Paraíba,4,4,100.0,139,7.4,1.85,34.75,Médio uso,2025-11-13 09:06:02
25075071,EMEF TIRADENTES,Municipal,Campinagrande,PB - Paraíba,7,7,100.0,445,3.82,0.55,63.57,Médio uso,2025-11-13 09:06:03
25075020,EMEF STELLITA CRUZ,Municipal,Campinagrande,PB - Paraíba,4,0,0.0,457,2.47,0.62,114.25,Uso normal,2025-11-13 09:06:03
25073877,EMEF RIVANILDO SANDRO ARCOVERDE,Municipal,Campinagrande,PB - Paraíba,7,0,0.0,155,0.47,0.07,22.14,Baixo uso,2025-11-13 09:06:04
25073842,EMEF PROFA MARIA ANUNCIADA BEZERRA,Municipal,Campinagrande,PB - Paraíba,9,3,33.33,470,7.05,0.78,52.22,Médio uso,2025-11-13 09:06:04
25074776,EMEF PADRE CORNELIO BOER,Municipal,Campinagrande,PB - Paraíba,4,0,0.0,63,7.17,1.79,15.75,Baixo uso,2025-11-13 09:06:05
25073729,EMEF LUIZ CAMBEBA,Municipal,Campinagrande,PB - Paraíba,7,0,0.0,187,4.38,0.63,26.71,Baixo uso,2025-11-13 09:06:05
25074407,EMEF HENRIQUE G BARBOSA,Municipal,Campinagrande,PB - Paraíba,9,0,0.0,499,1.37,0.15,55.44,Médio uso,2025-11-13 09:06:06
25074377,EMEF GUSTAVO ADOLFO CANDIDO ALVES,Municipal,Campinagrande,PB - Paraíba,4,0,0.0,196,6.04,1.51,49.0,Médio uso,2025-11-13 09:06:06
25074229,EMEF CRISTINA PROCOPIO,Municipal,Campinagrande,PB - Paraíba,4,0,0.0,59,8.57,2.14,14.75,Baixo uso,2025-11-13 09:06:07
25070720,EMEF CEAI GOV ANTONIO MARIZ,Municipal,Campinagrande,PB - Paraíba,9,9,100.0,82,3.54,0.39,9.11,Baixo uso,2025-11-13 09:06:07
25074148,EMEF APOLONIA AMORIM,Municipal,Campinagrande,PB - Paraíba,4,0,0.0,130,0.69,0.17,32.5,Médio uso,2025-11-13 09:06:07
25074091,EMEF ANIS TIMANI,Municipal,Campinagrande,PB - Paraíba,9,0,0.0,258,4.32,0.48,28.67,Baixo uso,2025-11-13 09:06:08
25073575,EMEF AMARO DA COSTA BARROS,Municipal,Campinagrande,PB - Paraíba,7,0,0.0,474,3.58,0.51,67.71,Médio uso,2025-11-13 09:06:08
25074024,EMEF ALMEIDA BARRETO,Municipal,Campinagrande,PB - Paraíba,3,3,100.0,222,9.64,3.21,74.0,Médio uso,2025-11-13 09:06:09
25128531,EM PROFESSOR ERALDO CEZAR DE ARAUJO,Municipal,Campinagrande,PB - Paraíba,9,9,100.0,300,8.98,1.0,33.33,Médio uso,2025-11-13 09:06:09
25074512,EMEF JOSELITA BRASILEIRO,Municipal,Campinagrande,PB - Paraíba,4,0,0.0,32,2.75,0.69,8.0,Baixo uso,2025-11-13 09:06:10
24031585,EE PROF ANTONIO ALADIM DE ARAUJO,Estadual,Caico,RN - Rio Grande do Norte,9,1,11.11,106,1.39,0.15,11.78,Baixo uso,2025-11-13 09:06:10
NUC,EST-CAC - NÚCLEO DE TECNOLOGIA ESTADUAL,Estadual,Caico,RN - Rio Grande do Norte,3,0,0.0,359,6.76,2.25,119.67,Uso normal,2025-11-13 09:06:11
24031453,EMEI SAO JOSE,Municipal,Caico,RN - Rio Grande do Norte,4,0,0.0,423,7.17,1.79,105.75,Uso normal,2025-11-13 09:06:11
24031640,EE PROF ROSA DE LIMA BEZERRA,Estadual,Caico,RN - Rio Grande do Norte,3,3,100.0,144,6.67,2.22,48.0,Médio uso,2025-11-13 09:06:12
24031550,EE MONSENHOR WALFREDO GURGEL,Estadual,Caico,RN - Rio Grande do Norte,7,7,100.0,194,5.17,0.74,27.71,Baixo uso,2025-11-13 09:06:12
24002224,EE FRANCISCO ANTONIO MEDEIROS,Estadual,Mossoro,RN - Rio Grande do Norte,3,0,0.0,465,8.91,2.97,155.0,Uso normal,2025-11-13 09:06:13
24001430,EE FRANCISCA MARTINS DE SOUZA,Estadual,Mossoro,RN - Rio Grande do Norte,4,0,0.0,366,7.72,1.93,91.5,Médio uso,2025-11-13 09:06:13
24001600,EE EDUCANDARIO ANTONIO BEZERRA DE SALES,Estadual,Mossoro,RN - Rio Grande do Norte,7,0,0.0,170,5.86,0.84,24.29,Baixo uso,2025-11-13 09:06:13
24032638,EM CORONEL PAULINO BARCELOS,Municipal,Caico,RN - Rio Grande do Norte,4,4,100.0,398,6.06,1.51,99.5,Médio uso,2025-11-13 09:06:14
24032239,EM PROF MATEUS VIANA,Municipal,Caico,RN - Rio Grande do Norte,9,0,0.0,3,3.25,0.36,0.33,Baixo uso,2025-11-13 09:06:14
24032204,EM PRESIDENTE KENNEDY,Municipal,Caico,RN - Rio Grande do Norte,9,0,0.0,340,5.94,0.66,37.78,Médio uso,2025-11-13 09:06:15
24064521,EM IVANOR PEREIRA,Municipal,Caico,RN - Rio Grande do Norte,4,0,0.0,339,4.36,1.09,84.75,Médio uso,2025-11-13 09:06:15
24031887,EM AUTA DE SOUZA,Municipal,Caico,RN - Rio Grande do Norte,4,0,0.0,90,7.2,1.8,22.5,Baixo uso,2025-11-13 09:06:16
24031704,EE ZUZA JANUARIO ENS 1 GRAU,Estadual,Caico,RN - Rio Grande do Norte,7,7,100.0,417,6.68,0.95,59.57,Médio uso,2025-11-13 09:06:16
24031682,EE VILAGRAN CABRITA ENS 1 GRAU,Estadual,Caico,RN - Rio Grande do Norte,7,0,0.0,304,5.94,0.85,43.43,Médio uso,2025-11-13 09:06:17
24032441,EE SENADOR DINARTE MARIZ,Estadual,Caico,RN - Rio Grande do Norte,4,0,0.0,430,5.64,1.41,107.5,Uso normal,2025-11-13 09:06:17
24031658,EE PROFa CALPURNIA C AMORIM ENS 2 GRAU,Estadual,Caico,RN - Rio Grande do Norte,9,9,100.0,5,0.93,0.1,0.56,Baixo uso,2025-11-13 09:06:18
24031496,EE PADRE EDMUND KAGERER ENS FUNDAMENTAL,Estadual,Caico,RN - Rio Grande do Norte,4,0,0.0,256,6.16,1.54,64.0,Médio uso,2025-11-13 09:06:18
24031313,CEJA SENADOR GUERRA,Estadual,Caico,RN - Rio Grande do Norte,9,0,0.0,171,6.39,0.71,19.0,Baixo uso,2025-11-13 09:06:19
24031348,CE JOSE AUGUSTO,Estadual,Caico,RN - Rio Grande do Norte,4,4,100.0,41,9.77,2.44,10.25,Baixo uso,2025-11-13 09:06:19
26185288,EM EDUARDO CAMPOS,Municipal,Petrolina,PE - Pernambuco,9,9,100.0,281,5.85,0.65,31.22,Médio uso,2025-11-13 09:06:19
25121669,EMEF CASSIANO PASCOAL PEREIRA,Municipal,Campinagrande,PB - Paraíba,7,0,0.0,329,7.22,1.03,47.0,Médio uso,2025-11-13 09:06:20
25074199,EMEF CICERO VIRGINIO,Municipal,Campinagrande,PB - Paraíba,3,3,100.0,164,7.26,2.42,54.67,Médio uso,2025-11-13 09:06:20
25073664,EMEF JOSE GUILHERMINO BARBOSA,Municipal,Campinagrande,PB - Paraíba,7,0,0.0,263,8.46,1.21,37.57,Médio uso,2025-11-13 09:06:21
25074741,EMEF MONSENHOR SALES,Municipal,Campinagrande,PB - Paraíba,4,4,100.0,418,7.6,1.9,104.5,Uso normal,2025-11-13 09:06:21
25074806,EMEF POETA ALVARO G PINHEIRO,Municipal,Campinagrande,PB - Paraíba,4,0,0.0,382,4.98,1.24,95.5,Médio uso,2025-11-13 09:06:22
25074920,EMEF PROF SELMA AGRA VILARIM,Municipal,Campinagrande,PB - Paraíba,4,0,0.0,85,6.23,1.56,21.25,Baixo uso,2025-11-13 09:06:22
25074903,EMEF PROFESSORA NELY DE LIMA E MELO,Municipal,Campinagrande,PB - Paraíba,4,0,0.0,460,4.5,1.13,115.0,Uso normal,2025-11-13 09:06:23
25074962,EMEF SANDRA CAVALCANTI,Municipal,Campinagrande,PB - Paraíba,4,0,0.0,368,7.69,1.92,92.0,Médio uso,2025-11-13 09:06:23
24080276,EM HERMANN GMEINER,Municipal,Caico,RN - Rio Grande do Norte,12,12,100.0,196,8.28,0.69,16.33,Baixo uso,2025-11-13 09:06:24
24031518,EE DOM JOSE ADELINO DANTAS ENS 1 GRAU,Estadual,Caico,RN - Rio Grande do Norte,6,6,100.0,323,5.19,0.86,53.83,Médio uso,2025-11-13 09:06:24
24063258,EM SEVERINA BRITO DA SILVA,Municipal,Caico,RN - Rio Grande do Norte,4,0,0.0,310,4.81,1.2,77.5,Médio uso,2025-11-13 09:06:25
24032310,ESC MUL SEVERINA ERNESTINA ABIGAIL,Municipal,Caico,RN - Rio Grande do Norte,4,0,0.0,300,9.75,2.44,75.0,Médio uso,2025-11-13 09:06:25
24064564,EMEI NOSSA SENHORA DO ROSARIO,Municipal,Caico,RN - Rio Grande do Norte,4,0,0.0,361,4.69,1.17,90.25,Médio uso,2025-11-13 09:06:26
24067938,EM OLIVIA PEREIRA RODRIGUES,Municipal,Caico,RN - Rio Grande do Norte,4,4,100.0,12,8.83,2.21,3.0,Baixo uso,2025-11-13 09:06:26
24068152,EM PROF INAH DE MEDEIROS DANTAS,Municipal,Caico,RN - Rio Grande do Norte,4,0,0.0,177,5.94,1.49,44.25,Médio uso,2025-11-13 09:06:27
24068128,EM WALFREDO GURGEL,Municipal,Caico,RN - Rio Grande do Norte,4,4,100.0,377,9.84,2.46,94.25,Médio uso,2025-11-13 09:06:27
NUC,MUN-CAI - NÚCLEO DE TECNOLOGIA MUNICIPAL,Municipal,Caico,RN - Rio Grande do Norte,3,3,100.0,54,3.74,1.25,18.0,Baixo uso,2025-11-13 09:06:28
24072818,UEI MARIA NEUZA DE OLIVEIRA MENDONCA,Municipal,Mossoro,RN - Rio Grande do Norte,3,0,0.0,46,1.29,0.43,15.33,Baixo uso,2025-11-13 09:06:28
24072788,UEI MARIA ZELIA FERREIRA GUERRA,Municipal,Mossoro,RN - Rio Grande do Norte,4,0,0.0,48,3.17,0.79,12.0,Baixo uso,2025-11-13 09:06:29
24072753,UEI ROSALBA MONTEIRO CIARLINI,Municipal,Mossoro,RN - Rio Grande do Norte,3,0,0.0,190,8.11,2.7,63.33,Médio uso,2025-11-13 09:06:29
26035731,EM 21 DE SETEMBRO,Municipal,Petrolina,PE - Pernambuco,9,0,0.0,394,9.66,1.07,43.78,Médio uso,2025-11-13 09:06:30
26413795,EM ANA LEOPOLDINA DOS SANTOS,Municipal,Petrolina,PE - Pernambuco,9,9,100.0,39,0.55,0.06,4.33,Baixo uso,2025-11-13 09:06:30
26168359,EM PROFESSOR NICOLAU BOSCARDIN,Municipal,Petrolina,PE - Pernambuco,9,0,0.0,293,4.21,0.47,32.56,Médio uso,2025-11-13 09:06:30
26148269,EM PROFESSORA ELIETE ARAUJO DE SOUZA,Municipal,Petrolina,PE - Pernambuco,10,1,10.0,57,4.21,0.42,5.7,Baixo uso,2025-11-13 09:06:31
26034123,CMEI DR WASHINGTON BARROS,Municipal,Petrolina,PE - Pernambuco,4,0,0.0,412,4.96,1.24,103.0,Uso normal,2025-11-13 09:06:31
26187558,CMEI JOANA LIMA DA SILVA,Municipal,Petrolina,PE - Pernambuco,3,3,100.0,313,8.75,2.92,104.33,Uso normal,2025-11-13 09:06:32
26140349,CMEI NOSSO ESPACO,Municipal,Petrolina,PE - Pernambuco,4,0,0.0,495,9.23,2.31,123.75,Uso normal,2025-11-13 09:06:32
26035090,EMTI PROFESSOR ANESIO LEAO,Municipal,Petrolina,PE - Pernambuco,9,9,100.0,134,3.75,0.42,14.89,Baixo uso,2025-11-13 09:06:33
26419769,EM GOVERNADOR MIGUEL ARRAES DE ALENCAR,Municipal,Petrolina,PE - Pernambuco,7,0,0.0,124,6.67,0.95,17.71,Baixo uso,2025-11-13 09:06:33
26035693,EM MAE VITORIA,Municipal,Petrolina,PE - Pernambuco,4,0,0.0,341,9.38,2.34,85.25,Médio uso,2025-11-13 09:06:34
26168413,EM PROFESSORA MARIA ELZA MACEDO QUEIROZ,Municipal,Petrolina,PE - Pernambuco,7,0,0.0,268,8.81,1.26,38.29,Médio uso,2025-11-13 09:06:34
NUC,MUN-PTR - NÚCLEO DE TECNOLOGIA MUNICIPAL,Municipal,Petrolina,PE - Pernambuco,3,0,0.0,435,5.8,1.93,145.0,Uso normal,2025-11-13 09:06:35
25120670,EEEFM MAJOR VENEZIANO VITAL DO REGO,Estadual,Campinagrande,PB - Paraíba,9,9,100.0,454,2.13,0.24,50.44,Médio uso,2025-11-13 09:06:35
25076183,EMEF ADALGISA AMORIM,Municipal,Campinagrande,PB - Paraíba,7,0,0.0,306,3.3,0.47,43.71,Médio uso,2025-11-13 09:06:36
26034115,CMEI DR NESTOR CAVALCANTE,Municipal,Petrolina,PE - Pernambuco,4,0,0.0,231,9.75,2.44,57.75,Médio uso,2025-11-13 09:06:36
NUC,MUN-CGR - NÚCLEO DE TECNOLOGIA MUNICIPAL,Municipal,Campinagrande,PB - Paraíba,3,0,0.0,16,9.02,3.01,5.33,Baixo uso,2025-11-13 09:06:37
26140241,EM LUIZ RODRIGUES DE ARAUJO,Municipal,Petrolina,PE - Pernambuco,9,0,0.0,84,4.82,0.54,9.33,Baixo uso,2025-11-13 09:06:37
26152495,EM PROFESSOR JOSE JOAQUIM,Municipal,Petrolina,PE - Pernambuco,9,9,100.0,277,0.38,0.04,30.78,Médio uso,2025-11-13 09:06:37
26034590,EM SANTA TEREZINHA,Municipal,Petrolina,PE - Pernambuco,9,9,100.0,365,0.47,0.05,40.56,Médio uso,2025-11-13 09:06:38
26188406,ESCOLA PROFESSORA SIRLANEA ALVES MARTINS,Municipal,Petrolina,PE - Pernambuco,9,9,100.0,305,1.71,0.19,33.89,Médio uso,2025-11-13 09:06:38
26033984,CMEI CAIC,Municipal,Petrolina,PE - Pernambuco,4,0,0.0,228,0.4,0.1,57.0,Médio uso,2025-11-13 09:06:39
26419785,CMEI MARIA GORETE DA SILVA DE SOUZA,Municipal,Petrolina,PE - Pernambuco,7,0,0.0,144,3.4,0.49,20.57,Baixo uso,2025-11-13 09:06:39
26152487,EMTI RUBEM AMORIM ARAUJO,Municipal,Petrolina,PE - Pernambuco,4,0,0.0,303,0.39,0.1,75.75,Médio uso,2025-11-13 09:06:40
26188872,EM DE TI MONSENHOR BERNARDINO,Municipal,Petrolina,PE - Pernambuco,7,0,0.0,2,9.22,1.32,0.29,Baixo uso,2025-11-13 09:06:40
26036150,EM LAURA VICUNA,Municipal,Petrolina,PE - Pernambuco,7,0,0.0,14,6.68,0.95,2.0,Baixo uso,2025-11-13 09:06:41
26033992,CMEI DR CARDOSO DE SA,Municipal,Petrolina,PE - Pernambuco,7,7,100.0,191,5.9,0.84,27.29,Baixo uso,2025-11-13 09:06:41
26053845,EREM DE CARUARU NELSON BARBALHO,Estadual,Caruaru,PE - Pernambuco,9,0,0.0,85,9.99,1.11,9.44,Baixo uso,2025-11-13 09:06:42
26055368,ESCOLA IRMA SONIA,Estadual,Caruaru,PE - Pernambuco,7,0,0.0,39,3.33,0.48,5.57,Baixo uso,2025-11-13 09:06:42
26133402,CMEI TIA CLARICE,Municipal,Caruaru,PE - Pernambuco,4,0,0.0,231,6.83,1.71,57.75,Médio uso,2025-11-13 09:06:43
26185261,EM ARIANO SUASSUNA,Municipal,Petrolina,PE - Pernambuco,9,0,0.0,217,2.74,0.3,24.11,Baixo uso,2025-11-13 09:06:43
26538717,CMEI LEOPOLDINA QUEIROZ DE LIMA,Municipal,Caruaru,PE - Pernambuco,4,0,0.0,458,6.67,1.67,114.5,Uso normal,2025-11-13 09:06:44
26177269,EM PROF ALTAIR NUNES PORTO FILHO,Municipal,Caruaru,PE - Pernambuco,9,9,100.0,240,8.58,0.95,26.67,Baixo uso,2025-11-13 09:06:44
26053926,COLEGIO MUNICIPAL ALVARO LINS,Municipal,Caruaru,PE - Pernambuco,9,4,44.44,225,9.18,1.02,25.0,Baixo uso,2025-11-13 09:06:44
26055260,EM JOEL PONTES,Municipal,Caruaru,PE - Pernambuco,9,0,0.0,95,7.62,0.85,10.56,Baixo uso,2025-11-13 09:06:45
26055295,EM PAULINA MONTEIRO,Municipal,Caruaru,PE - Pernambuco,9,0,0.0,154,8.91,0.99,17.11,Baixo uso,2025-11-13 09:06:45
26188198,EM PREFEITO JOAO LYRA FILHO,Municipal,Caruaru,PE - Pernambuco,7,0,0.0,35,7.57,1.08,5.0,Baixo uso,2025-11-13 09:06:46
26055635,EM PROFESSOR AUGUSTO TABOSA,Municipal,Caruaru,PE - Pernambuco,9,0,0.0,146,1.73,0.19,16.22,Baixo uso,2025-11-13 09:06:46
26166046,EM PROF JOSE FLORENCIO NETO MACHADINHO,Municipal,Caruaru,PE - Pernambuco,9,8,88.89,454,0.39,0.04,50.44,Médio uso,2025-11-13 09:06:47
26154633,EM PROFESSOR KERMOGENES DIAS DE ARAUJO,Municipal,Caruaru,PE - Pernambuco,9,0,0.0,229,2.14,0.24,25.44,Baixo uso,2025-11-13 09:06:47
26154625,CM PROFESSOR LUIZ PESSOA DA SILVA,Municipal,Caruaru,PE - Pernambuco,9,0,0.0,418,5.92,0.66,46.44,Médio uso,2025-11-13 09:06:48
26177234,EM PROFESSOR RUBEM DE LIMA BARROS,Municipal,Caruaru,PE - Pernambuco,9,0,0.0,454,4.04,0.45,50.44,Médio uso,2025-11-13 09:06:48
26182513,EM PROF MARGARIDA MARIA DE FARIAS B M,Municipal,Caruaru,PE - Pernambuco,9,0,0.0,268,6.58,0.73,29.78,Baixo uso,2025-11-13 09:06:49
26138875,ANEXO I DO COLÉGIO DA PM PE,Estadual,Petrolina,PE - Pernambuco,9,0,0.0,428,1.17,0.13,47.56,Médio uso,2025-11-13 09:06:49
26034379,ESCOLA EDUARDO COELHO,Estadual,Petrolina,PE - Pernambuco,9,9,100.0,131,1.16,0.13,14.56,Baixo uso,2025-11-13 09:06:50
26035553,EE DE APLICACAO PROF VANDE DE SOUZA F,Estadual,Petrolina,PE - Pernambuco,9,9,100.0,343,5.72,0.64,38.11,Médio uso,2025-11-13 09:06:50
26034476,ESCOLA MOYSES BARBOSA,Estadual,Petrolina,PE - Pernambuco,9,0,0.0,276,8.24,0.92,30.67,Médio uso,2025-11-13 09:06:51
26035928,EM NOSSA SENHORA RAINHA DOS ANJOS -CAIC,Municipal,Petrolina,PE - Pernambuco,9,0,0.0,45,9.55,1.06,5.0,Baixo uso,2025-11-13 09:06:51
26035146,ESCOLA PROFESSORA ADELINA ALMEIDA,Estadual,Petrolina,PE - Pernambuco,9,0,0.0,50,6.25,0.69,5.56,Baixo uso,2025-11-13 09:06:51
26034352,EREM DR PACIFICO RODRIGUES DA LUZ,Estadual,Petrolina,PE - Pernambuco,7,7,100.0,77,6.74,0.96,11.0,Baixo uso,2025-11-13 09:06:52
26054027,EREM ARNALDO ASSUNCAO,Estadual,Caruaru,PE - Pernambuco,9,0,0.0,310,2.12,0.24,34.44,Médio uso,2025-11-13 09:06:52
26053853,EREM NICANOR SOUTO MAIOR,Estadual,Caruaru,PE - Pernambuco,7,0,0.0,75,8.36,1.19,10.71,Baixo uso,2025-11-13 09:06:53
26054809,EREM PADRE ZACARIAS TAVARES,Estadual,Caruaru,PE - Pernambuco,9,0,0.0,346,3.99,0.44,38.44,Médio uso,2025-11-13 09:06:53
26054876,EREM PROFESSOR VICENTE MONTEIRO,Estadual,Caruaru,PE - Pernambuco,9,0,0.0,468,5.65,0.63,52.0,Médio uso,2025-11-13 09:06:54
26054965,ESCOLA PROFESSOR JOSE BIONE DE ARAUJO,Estadual,Caruaru,PE - Pernambuco,9,0,0.0,371,7.71,0.86,41.22,Médio uso,2025-11-13 09:06:54
26054884,ESCOLA PROFESSORA ADELIA LEAL FERREIRA,Estadual,Caruaru,PE - Pernambuco,9,0,0.0,112,5.44,0.6,12.44,Baixo uso,2025-11-13 09:06:55
NUC,EST-CRC - NÚCLEO DE TECNOLOGIA ESTADUAL,Estadual,Caruaru,PE - Pernambuco,5,0,0.0,268,3.68,0.74,53.6,Médio uso,2025-11-13 09:06:55
26138913,COLEGIO MUNICIPAL PROF LAURA FLORENCIO,Municipal,Caruaru,PE - Pernambuco,13,2,15.38,360,9.03,0.69,27.69,Baixo uso,2025-11-13 09:06:56
26033836,CEJA JOAO BARRACAO,Estadual,Petrolina,PE - Pernambuco,9,0,0.0,411,2.25,0.25,45.67,Médio uso,2025-11-13 09:06:56
26178095,EREM CLEMENTINO COELHO,Estadual,Petrolina,PE - Pernambuco,9,0,0.0,439,3.62,0.4,48.78,Médio uso,2025-11-13 09:06:57
26035600,EREM GERCINO COELHO,Estadual,Petrolina,PE - Pernambuco,7,0,0.0,67,5.33,0.76,9.57,Baixo uso,2025-11-13 09:06:57
26034441,EE MARECHAL ANTONIO ALVES FILHO,Estadual,Petrolina,PE - Pernambuco,9,0,0.0,152,6.01,0.67,16.89,Baixo uso,2025-11-13 09:06:58
26054140,EREM MARIA AUXILIADORA LIBERATO,Estadual,Caruaru,PE - Pernambuco,9,9,100.0,16,9.46,1.05,1.78,Baixo uso,2025-11-13 09:06:58
26054094,ESCOLA FELISBERTO CARVALHO,Estadual,Caruaru,PE - Pernambuco,9,1,11.11,118,5.22,0.58,13.11,Baixo uso,2025-11-13 09:06:59
26179644,EM PROFESSOR AMARO MATIAS SILVA,Municipal,Caruaru,PE - Pernambuco,9,0,0.0,120,7.98,0.89,13.33,Baixo uso,2025-11-13 09:06:59
26186624,EM PROFESSORA MARIANA DE LOURDES LIMA,Municipal,Caruaru,PE - Pernambuco,9,0,0.0,127,5.22,0.58,14.11,Baixo uso,2025-11-13 09:06:59
26055350,ESCOLAS REUNIDAS CASA DO TRABALHADOR,Municipal,Caruaru,PE - Pernambuco,9,0,0.0,232,0.83,0.09,25.78,Baixo uso,2025-11-13 09:07:00
26054019,ESC ANTONIA CAVALCANTI DE ALBUQUERQUE,Estadual,Caruaru,PE - Pernambuco,9,0,0.0,452,4.1,0.46,50.22,Médio uso,2025-11-13 09:07:00
26054850,ESCOLA PROFESSOR MARIO SETTE,Estadual,Caruaru,PE - Pernambuco,9,2,22.22,309,5.95,0.66,34.33,Médio uso,2025-11-13 09:07:01
26055333,EM PEDRO DE SOUZA,Municipal,Caruaru,PE - Pernambuco,9,0,0.0,33,4.1,0.46,3.67,Baixo uso,2025-11-13 09:07:01
26186845,EM PROFESSOR JOSE LAURENTINO SANTOS,Municipal,Caruaru,PE - Pernambuco,9,0,0.0,404,0.58,0.06,44.89,Médio uso,2025-11-13 09:07:02
26133019,EM PROF TERESA NEUMA PEREIRA PEDROSA,Municipal,Caruaru,PE - Pernambuco,9,0,0.0,182,3.25,0.36,20.22,Baixo uso,2025-11-13 09:07:02
26035316,EREM JORNALISTA JOAO FERREIRA GOMES,Estadual,Petrolina,PE - Pernambuco,9,1,11.11,196,2.19,0.24,21.78,Baixo uso,2025-11-13 09:07:03
26033879,EREM OTACILIO NUNES DE SOUZA,Estadual,Petrolina,PE - Pernambuco,9,0,0.0,408,8.92,0.99,45.33,Médio uso,2025-11-13 09:07:03
26036045,ESCOLA PROFESSOR HUMBERTO SOARES,Estadual,Petrolina,PE - Pernambuco,9,0,0.0,51,3.95,0.44,5.67,Baixo uso,2025-11-13 09:07:04
26036037,ESCOLA PROFESSOR SIMAO AMORIM DURANDO,Estadual,Petrolina,PE - Pernambuco,9,8,88.89,328,5.07,0.56,36.44,Médio uso,2025-11-13 09:07:04
26035120,EREM PROFESSORA OSA SANTANA DE CARVALHO,Estadual,Petrolina,PE - Pernambuco,7,7,100.0,419,2.18,0.31,59.86,Médio uso,2025-11-13 09:07:05
26035340,ESCOLA ANTONIO CASSIMIRO,Estadual,Petrolina,PE - Pernambuco,9,9,100.0,424,2.88,0.32,47.11,Médio uso,2025-11-13 09:07:05
26035561,ESCOLA DOM ANTONIO CAMPELO,Estadual,Petrolina,PE - Pernambuco,9,0,0.0,2,2.8,0.31,0.22,Baixo uso,2025-11-13 09:07:06
26140179,ESCOLA ENEIDE COELHO PAIXAO CAVALCANTI,Estadual,Petrolina,PE - Pernambuco,9,0,0.0,489,8.82,0.98,54.33,Médio uso,2025-11-13 09:07:06
26036118,EREM ENSINO MEDIO JESUINO ANTONIO DAVILA,Estadual,Petrolina,PE - Pernambuco,7,0,0.0,499,9.71,1.39,71.29,Médio uso,2025-11-13 09:07:07
26035049,EREM PADRE MANOEL DE PAIVA NETTO,Estadual,Petrolina,PE - Pernambuco,4,0,0.0,343,7.62,1.91,85.75,Médio uso,2025-11-13 09:07:07
26036010,ESCOLA POETA JOSE RAULINO SAMPAIO,Estadual,Petrolina,PE - Pernambuco,7,7,100.0,174,9.22,1.32,24.86,Baixo uso,2025-11-13 09:07:08
26055082,EREM PROFESSOR LISBOA,Estadual,Caruaru,PE - Pernambuco,9,9,100.0,224,1.95,0.22,24.89,Baixo uso,2025-11-13 09:07:08
26054060,ESCOLA DOM VITAL,Estadual,Caruaru,PE - Pernambuco,7,0,0.0,365,7.77,1.11,52.14,Médio uso,2025-11-13 09:07:09
26055473,ESCOLA PAULINA MONTEIRO,Estadual,Caruaru,PE - Pernambuco,9,0,0.0,77,2.08,0.23,8.56,Baixo uso,2025-11-13 09:07:09
26055210,ESCOLA JOSE CARLOS FLORENCIO,Estadual,Caruaru,PE - Pernambuco,9,0,0.0,182,6.22,0.69,20.22,Baixo uso,2025-11-13 09:07:10
26054914,ESCOLA PROF ELISETE LOPES DE LIMA PIRES,Estadual,Caruaru,PE - Pernambuco,9,9,100.0,366,1.86,0.21,40.67,Médio uso,2025-11-13 09:07:10
26054825,ESCOLA PROFESSORA JESUINA PEREIRA REGO,Estadual,Caruaru,PE - Pernambuco,9,0,0.0,334,1.68,0.19,37.11,Médio uso,2025-11-13 09:07:11
26054949,ESCOLA PROFESSORA ROSILDA MACIEL VIEIRA,Estadual,Caruaru,PE - Pernambuco,7,0,0.0,101,3.67,0.52,14.43,Baixo uso,2025-11-13 09:07:11
26055040,ESCOLA SANTO AMARO,Estadual,Caruaru,PE - Pernambuco,9,0,0.0,61,9.34,1.04,6.78,Baixo uso,2025-11-13 09:07:12
26055465,EM LIONS CLUB,Municipal,Caruaru,PE - Pernambuco,9,1,11.11,296,4.92,0.55,32.89,Médio uso,2025-11-13 09:07:12
26054744,EM MESTRE VITALINO,Municipal,Caruaru,PE - Pernambuco,10,10,100.0,478,2.99,0.3,47.8,Médio uso,2025-11-13 09:07:13
26054990,EM NOSSA SENHORA DE FATIMA,Municipal,Caruaru,PE - Pernambuco,9,9,100.0,216,2.24,0.25,24.0,Baixo uso,2025-11-13 09:07:13
26160471,EM PROFa JOSELIA FLORENCIO DA SILVEIRA,Municipal,Caruaru,PE - Pernambuco,9,9,100.0,309,9.33,1.04,34.33,Médio uso,2025-11-13 09:07:14
26055724,EM SANTOS ANJOS,Municipal,Caruaru,PE - Pernambuco,9,3,33.33,371,9.3,1.03,41.22,Médio uso,2025-11-13 09:07:14
26034298,ESCOLA ANTONIO PADILHA,Estadual,Petrolina,PE - Pernambuco,10,2,20.0,242,5.02,0.5,24.2,Baixo uso,2025-11-13 09:07:15
26034425,ESCOLA JOAQUIM ANDRE CAVALCANTI,Estadual,Petrolina,PE - Pernambuco,9,9,100.0,335,5.88,0.65,37.22,Médio uso,2025-11-13 09:07:15
26034336,EREM DOM MALAN,Estadual,Petrolina,PE - Pernambuco,4,0,0.0,202,4.48,1.12,50.5,Médio uso,2025-11-13 09:07:16
26035111,ESCOLA PROF MANOEL XAVIER PAES BARRETO,Estadual,Petrolina,PE - Pernambuco,9,0,0.0,159,8.28,0.92,17.67,Baixo uso,2025-11-13 09:07:16
26187051,ESCOLA TEC ESTADUAL MIN FERNANDO LYRA,Estadual,Caruaru,PE - Pernambuco,7,7,100.0,281,3.62,0.52,40.14,Médio uso,2025-11-13 09:07:17
26132141,CMEI FLORA BEZERRA,Municipal,Caruaru,PE - Pernambuco,4,4,100.0,73,2.66,0.66,18.25,Baixo uso,2025-11-13 09:07:17
26169630,CMEI JUSTINA DE FREITAS,Municipal,Caruaru,PE - Pernambuco,4,0,0.0,137,8.78,2.2,34.25,Médio uso,2025-11-13 09:07:18
26056526,EM DEPUTADA CRISTINA TAVARES,Municipal,Caruaru,PE - Pernambuco,12,1,8.33,299,1.68,0.14,24.92,Baixo uso,2025-11-13 09:07:18
26034310,EE DE ALTERNANCIA,Estadual,Petrolina,PE - Pernambuco,9,0,0.0,287,9.71,1.08,31.89,Médio uso,2025-11-13 09:07:19
26035073,ESCOLA POETA CARLOS DRUMOND DE ANDRADE,Estadual,Petrolina,PE - Pernambuco,9,9,100.0,125,7.93,0.88,13.89,Baixo uso,2025-11-13 09:07:19
26178648,CMEI BABU,Municipal,Caruaru,PE - Pernambuco,4,0,0.0,164,4.96,1.24,41.0,Médio uso,2025-11-13 09:07:20
26055651,EM GUIOMAR LIRA,Municipal,Caruaru,PE - Pernambuco,7,0,0.0,175,1.68,0.24,25.0,Baixo uso,2025-11-13 09:07:20
26188422,CMEI IVANISE FLORA DE ARAUJO DE MENEZES,Municipal,Caruaru,PE - Pernambuco,4,4,100.0,205,4.66,1.16,51.25,Médio uso,2025-11-13 09:07:21
26171961,CMEI PROF MARIA DO CARMO C QUEIROZ,Municipal,Caruaru,PE - Pernambuco,4,4,100.0,454,5.63,1.41,113.5,Uso normal,2025-11-13 09:07:21
26132124,CMEI ERICA PATRICIA,Municipal,Caruaru,PE - Pernambuco,4,4,100.0,72,9.9,2.47,18.0,Baixo uso,2025-11-13 09:07:22
26132130,CMEI TIA CARMINHA,Municipal,Caruaru,PE - Pernambuco,4,0,0.0,399,1.95,0.49,99.75,Médio uso,2025-11-13 09:07:22
26054078,EM EVANG REVERENDO GENESIO CAMPOS,Municipal,Caruaru,PE - Pernambuco,4,0,0.0,276,5.49,1.37,69.0,Médio uso,2025-11-13 09:07:23
26055309,EM PROFESSORA SINHAZINHA,Municipal,Caruaru,PE - Pernambuco,10,0,0.0,173,8.9,0.89,17.3,Baixo uso,2025-11-13 09:07:23
25072153,ECI SEVERINO CABRAL,Estadual,Campinagrande,PB - Paraíba,4,4,100.0,310,2.73,0.68,77.5,Médio uso,2025-11-13 09:07:24
26053756,CAEE ROTARY CLUB CARUARU,Estadual,Caruaru,PE - Pernambuco,3,0,0.0,427,7.84,2.61,142.33,Uso normal,2025-11-13 09:07:24
26055147,EM DUQUE DE CAXIAS,Municipal,Caruaru,PE - Pernambuco,12,0,0.0,141,5.05,0.42,11.75,Baixo uso,2025-11-13 09:07:25
26054760,EM PROFESSOR JOSE FLORENCIO LEAO,Municipal,Caruaru,PE - Pernambuco,9,0,0.0,46,3.73,0.41,5.11,Baixo uso,2025-11-13 09:07:25
26054779,EM PROFESSORA GIANETE SILVA,Municipal,Caruaru,PE - Pernambuco,9,0,0.0,211,7.32,0.81,23.44,Baixo uso,2025-11-13 09:07:26
26055120,ESCOLAS REUNIDAS DUQUE DE CAXIAS,Municipal,Caruaru,PE - Pernambuco,9,0,0.0,35,4.67,0.52,3.89,Baixo uso,2025-11-13 09:07:26
26186616,CMEI PREF ANASTACIO RODRIGUES DA SILVA,Municipal,Caruaru,PE - Pernambuco,4,0,0.0,105,5.18,1.29,26.25,Baixo uso,2025-11-13 09:07:27
26187043,CMEI PROF MARIA DE LOURDES N PONTES,Municipal,Caruaru,PE - Pernambuco,4,0,0.0,223,5.47,1.37,55.75,Médio uso,2025-11-13 09:07:27
26151316,CMEI TIA MALUDE,Municipal,Caruaru,PE - Pernambuco,3,0,0.0,1,0.63,0.21,0.33,Baixo uso,2025-11-13 09:07:28
26169649,EM FERNANDO SOARES LIRA,Municipal,Caruaru,PE - Pernambuco,12,12,100.0,135,0.41,0.03,11.25,Baixo uso,2025-11-13 09:07:28
26054043,EREM DOM MIGUEL DE LIMA VALVERDE,Estadual,Caruaru,PE - Pernambuco,14,10,71.43,294,4.91,0.35,21.0,Baixo uso,2025-11-13 09:07:29
29401610,EM EDUCANDARIO JOAO XXIII,Municipal,Juazeiro,BA - Bahia,7,0,0.0,433,3.89,0.56,61.86,Médio uso,2025-11-13 09:07:29
NUC,EST-PTR - NÚCLEO DE TECNOLOGIA ESTADUAL,Estadual,Petrolina,PE - Pernambuco,3,0,0.0,174,2.21,0.74,58.0,Médio uso,2025-11-13 09:07:30
29480027,EM ESTACAO DO SABER JOSE CARLOS TANURI,Municipal,Juazeiro,BA - Bahia,8,0,0.0,163,6.44,0.8,20.38,Baixo uso,2025-11-13 09:07:30
